"","VisitNo","SampleID_key","SampleID","StartTime","EndTime","Duration","LatitudeStart","LatitudeEnd","LongitudeStart","LongitudeEnd","DepthOfWater","NetMeterStart","NetMeterEnd","TowDirection","SeineCode","SeineDeploymentType","LengthOfTrawl","Width","PercentOpen","GearTypeAbbreviation","effort","Location","Date","Comments"
"1",6642,11463,"BEASEI01-ARNO-28APR2022","12:17","",NA,38.175232,NA,121.907262,NA,0.7,NA,NA," 2= against flow","1. No twists; snags; or tears","Crew Members",5,13,NA,"BEASEI",22.75,"Arnold Slough","2022-04-28"," gps 6 accuracy 3m; yelgob @ 20mm"
"2",6655,11477,"BEASEI01-HORS-05MAY2022","10:00","",NA,38.081486,NA,121.719216,NA,0.8,NA,NA," 2= against flow","1. No twists; snags; or tears","Crew Members",13,15,NA,"BEASEI",78,"Horseshoe Bend","2022-05-05"," gps 6 accuracy 3m; veg in net elodia; egeden; filalg; 3 sculpin in sample were too hard to measure "
"3",7126,12124,"BEASEI01-HORS-15DEC2022","09:20","",NA,38.098557,NA,121.70943,NA,0.9,NA,NA," 2= against flow","1. No twists; snags; or tears","Crew Members",7.5,10,NA,"BEASEI",33.75,"Horseshoe Bend","2022-12-15"," gearid bs02; dominant vegetation in sample: egeden"
"4",6060,10317,"BEASEI01-HORS-18APR2022","07:30","",NA,38.098705,NA,121.709367,NA,0.9,NA,NA," 2= against flow","1. No twists; snags; or tears","Crew Members",6,15,NA,"BEASEI",40.5,"Horseshoe Bend","2022-04-18"," no veg in net"
"5",7214,12216,"BEASEI01-HORS-30NOV2022","09:23","",NA,38.097474,NA,121.709693,NA,1,NA,NA," ","1. No twists; snags; or tears","Crew Members",10.75,8,NA,"BEASEI",43,"Horseshoe Bend","2022-11-30"," gps 5; accuracy 2m. not paired"
"6",6036,10294,"BEASEI01-LIBE-05APR2022","14:30","",NA,38.241773,NA,121.682542,NA,1,NA,NA," 3= unknown","1. No twists; snags; or tears","Crew Members",3,15,NA,"BEASEI",22.5,"Liberty Island","2022-04-05"," raikill @ 41 and 22 both have a dark stripe down the side. prickly sculpin is less then 20cm.  % cod end filled: 1-33% "
"7",7212,12214,"BEASEI01-TULE-29NOV2022","09:10","",NA,38.118129,NA,121.97742,NA,0.4,NA,NA," ","1. No twists; snags; or tears","Crew Members",15,13,NA,"BEASEI",39,"Tule Red","2022-11-29"," gps 5; accuracy 2m. not paired. possible missil too small to id; lots of mud in net; water quality taken from bucket; unid silversides all <25mm"
"8",6656,11478,"BEASEI02-HORS-05MAY2022","10:35","",NA,38.097379,NA,121.709717,NA,0.8,NA,NA," ","1. No twists; snags; or tears","Crew Members",15,13.5,NA,"BEASEI",81,"Horseshoe Bend","2022-05-05"," gps 6 accuracy 3m; dominant veg in net egeden 1-33%"
"9",7128,12126,"BEASEI02-HORS-15DEC2022","09:57","",NA,38.081473,NA,121.719647,NA,0.8,NA,NA," 2= against flow","1. No twists; snags; or tears","Crew Members",8.5,10,NA,"BEASEI",34,"Horseshoe Bend","2022-12-15"," gps 5 accuracy 2m; not paired; dominant vegetation in net: hyacinth."
"10",6063,10320,"BEASEI02-HORS-18APR2022","09:12","",NA,38.081551,NA,121.719437,NA,0.6,NA,NA," 2= against flow","2. Partial twist; snag; or tear","Crew Members",7,12,NA,"BEASEI",25.2,"Horseshoe Bend","2022-04-18"," no veg in net; code 2: one wing was twisted "
"11",6034,10291,"BEASEI02-LIBE-05APR2022","15:58","",NA,38.243349,NA,121.684881,NA,0.4,NA,NA," 2= against flow","2. Partial twist; snag; or tear","Crew Members",6,9,NA,"BEASEI",10.8,"Liberty Island","2022-04-05"," seine got snagged; broke it loose; partial twisting. environmentals from boat near site; turbidity was higher where sampled."
"12",7219,12221,"BEASEI02-LIBE-30NOV2022","12:10","",NA,38.2421,NA,121.682223,NA,0.9,NA,NA," 2= against flow","1. No twists; snags; or tears","Crew Members",9.75,15,NA,"BEASEI",65.8125,"Liberty Island","2022-11-30"," gps 5; accuracy 2m. not paired. dominant vegetation in net: cerdem; potcri; egeden"
"13",7213,12215,"BEASEI02-TULE-29NOV2022","10:08","",NA,38.115697,NA,121.978044,NA,0.5,NA,NA," ","1. No twists; snags; or tears","Crew Members",15,15,NA,"BEASEI",56.25,"Tule Red","2022-11-29"," gps 5; accuracy 2m. not paired. water quality taken from bucket. thrsti=cdfw 22frp001 and 002. unid silversides all <25mm"
"14",7220,12222,"BEASEI03-HORS-30NOV2022","13:18","",NA,38.099417,NA,121.709205,NA,0.9,NA,NA," 2= against flow","1. No twists; snags; or tears","Crew Members",14,15,NA,"BEASEI",94.5,"Horseshoe Bend","2022-11-30"," gps 5; accuracy 2m. not paired; dominant vegetation in net: egeden; potcri; cerdem"
"15",7159,12160,"BIGLAM01-LIBE-14NOV2022","08:50","",NA,38.290251,NA,121.685448,NA,0.9,NA,NA," 2= against flow","2. Partial twist; snag; or tear","Boat",NA,NA,NA,"BIGLAM",222.34407182342,"Liberty Island","2022-11-14"," gps 5; accuracy 2m. code 2. not paired. dominant vegetation in net: coontail; sago; elodia. a lot of veg on wings; but not overflowing cod end. slow deploy and retrieve due to veg."
"16",7164,12165,"BIGLAM01-STAI-15NOV2022","08:26","",NA,38.33511,NA,121.667489,NA,2,NA,NA," 2= against flow","1. No twists; snags; or tears","Boat",NA,NA,NA,"BIGLAM",494.097937385377,"Stairsteps-Liberty Cut","2022-11-15"," gps 5; accuracy 3m. not paired. dominant vegetation in net: curly"
"17",6677,11520,"BIGLAM01-TULE-19MAY2022","06:54","",NA,38.133996,NA,121.9933,NA,2,NA,NA," 2= against flow","1. No twists; snags; or tears","Boat",NA,NA,NA,"BIGLAM",494.097937385377,"Tule Red","2022-05-19"," gps 6 accuracy 3m; paired y ;lam00. one set of kayak samples were performed in small channel next to this sample. no other paired samples for this day - ed 22jun2023"
"18",7160,12161,"BIGLAM02-LIBE-14NOV2022","10:45","",NA,38.272513,NA,121.67092,NA,1.9,NA,NA," 2= against flow","2. Partial twist; snag; or tear","Boat",NA,NA,NA,"BIGLAM",469.393040516108,"Liberty Island","2022-11-14"," gps 5; accuracy 4m. not paired. dominant vegetation in net: curly pond; millfoil; coontail. retrieval a little funky. heavy veg loads affected pulling of net with boat. curly pondweed; eurasian milfoil; and coontail. shrimp unid = rostrum broken. 2 killifish accidentally released before measuring."
"19",6678,11521,"BIGLAM02-TULE-19MAY2022","07:26","",NA,38.125678,NA,121.9855,NA,2.3,NA,NA," 2= against flow","1. No twists; snags; or tears","Boat",NA,NA,NA,"BIGLAM",568.212627993184,"Tule Red","2022-05-19"," tule-07-2022; skipped #6 since it was too close to #5; <100 mysids; gps 6 accuracy 3m; gearid lam00"
"20",7161,12162,"BIGLAM03-LIBE-14NOV2022","12:00","",NA,38.303124,NA,121.67589,NA,2.4,NA,NA," 2= against flow","2. Partial twist; snag; or tear","Boat",NA,NA,NA,"BIGLAM",592.917524862452,"Liberty Island","2022-11-14"," gps 5; accuracy 5m. not paired. chunk of road caught in net (cement); pulled in funky again due to veg"
"21",6679,11522,"BIGLAM03-TULE-19MAY2022","07:47","",NA,38.121527,NA,121.982804,NA,2.1,NA,NA," 2= against flow","1. No twists; snags; or tears","Boat",NA,NA,NA,"BIGLAM",518.802834254646,"Tule Red","2022-05-19"," gps 6 accuracy 3m; both paleomon dead; gearid lam00; lonsme (33mm) could've been from sample prior; mysids in net ~50; +1 topsme is 21mm; other topsme lost on deck"
"22",6680,11523,"BIGLAM04-GRIZ-19MAY2022","08:24","",NA,38.13694,NA,122.007892,NA,1.3,NA,NA," 2= against flow","1. No twists; snags; or tears","Boat",NA,NA,NA,"BIGLAM",321.163659300495,"Grizzly Bay","2022-05-19"," gps 6 accuracy 3m; lead line got detached; griz-07-2022; gearid lam00; paired n; ~30 mysids; topsme - 21; 20 (dmc230517: made new entries for these topsme)"
"23",6404,10944,"BIGLAM04-GRIZ-25APR2022","09:31","",NA,38.12521,NA,121.99317,NA,1.3,NA,NA," 2= against flow","2. Partial twist; snag; or tear","Boat",NA,NA,NA,"BIGLAM",321.163659300495,"Grizzly Bay","2022-04-25"," "
"24",6681,11524,"BIGLAM05-GRIZ-19MAY2022","08:54","",NA,38.133267,NA,122.004013,NA,1.3,NA,NA," 3= unknown","1. No twists; snags; or tears","Boat",NA,NA,NA,"BIGLAM",321.163659300495,"Grizzly Bay","2022-05-19"," gps 6 accuracy 3m; gearid lam00; paired n"
"25",6405,10945,"BIGLAM05-GRIZ-25APR2022","10:08","",NA,38.13082,NA,122.00361,NA,3.3,NA,NA," 2= against flow","1. No twists; snags; or tears","Boat",NA,NA,NA,"BIGLAM",815.261596685872,"Grizzly Bay","2022-04-25"," "
"26",6682,11525,"BIGLAM06-GRIZ-19MAY2022","09:17","",NA,38.122519,NA,121.997114,NA,1.5,NA,NA," 2= against flow","1. No twists; snags; or tears","Boat",NA,NA,NA,"BIGLAM",370.573453039033,"Grizzly Bay","2022-05-19"," gps 5 accuracy 5m; fixed leadline with ziptie before sampling; griz-05-2022; lonsme @73 not expressing; nearly dead; topsme 21; 5 mysid; gearid lam00; paired n"
"27",6406,10946,"BIGLAM06-GRIZ-25APR2022","10:29","",NA,38.13546,NA,122.00741,NA,1.5,NA,NA," 2= against flow","1. No twists; snags; or tears","Boat",NA,NA,NA,"BIGLAM",370.573453039033,"Grizzly Bay","2022-04-25"," "
"28",6683,11526,"BIGLAM07-RYER-19MAY2022","10:13","",NA,38.080365,NA,122.01623,NA,2.4,NA,NA," 2= against flow","1. No twists; snags; or tears","Boat",NA,NA,NA,"BIGLAM",592.917524862452,"Ryer Island","2022-05-19"," larval sacsuc under 25mm; dropped in water before id; gear id lam00; paired n; ryer-04-2022 too shallow so lampara done nearby; 1 unid bivalve"
"29",6684,11527,"BIGLAM08-RYER-19MAY2022","10:39","",NA,38.086152,NA,122.0176,NA,1.5,NA,NA," 2= against flow","1. No twists; snags; or tears","Boat",NA,NA,NA,"BIGLAM",370.573453039033,"Ryer Island","2022-05-19"," gps 6 accuracy 3m; sheetalg in sample; gearid lam00; paired n; spltai in plus count was >300mm"
"30",6408,10948,"BIGLAM08-RYER-25APR2022","11:38","",NA,38.08613,NA,122.01984,NA,2.9,NA,NA," 2= against flow","1. No twists; snags; or tears","Boat",NA,NA,NA,"BIGLAM",716.442009208797,"Ryer Island","2022-04-25"," topsme/unid silverside <25mm caught in net (22mm)"
"31",6685,11528,"BIGLAM09-RYER-19MAY2022","11:13","",NA,38.077941,NA,122.013488,NA,2.7,NA,NA," 2= against flow","1. No twists; snags; or tears","Boat",NA,NA,NA,"BIGLAM",667.032215470259,"Ryer Island","2022-05-19"," gps 6 accuracy 5m; gearid lam00; paired n; random point (all randomly generated points were in shallow areas so a random spot was chosen)"
"32",6409,10949,"BIGLAM09-RYER-25APR2022","12:02","",NA,38.08611,NA,122.02237,NA,2.3,NA,NA," 2= against flow","1. No twists; snags; or tears","Boat",NA,NA,NA,"BIGLAM",568.212627993184,"Ryer Island","2022-04-25"," "
"33",7101,12101,"LAMOPE01-BROA-05DEC2022","08:56","",NA,38.035172,NA,121.841979,NA,2.5,NA,NA," 2= against flow","1. No twists; snags; or tears","Boat",NA,NA,NA,"LAMOPE",249.455517634,"Broad Slough","2022-12-05"," "
"34",6046,10303,"LAMOPE01-BROA-12APR2022","08:53","",NA,38.03297,NA,121.840066,NA,1.3,NA,NA," 2= against flow","2. Partial twist; snag; or tear","Boat",NA,NA,NA,"LAMOPE",139.010648691434,"Broad Slough","2022-04-12"," no veg in net"
"35",7171,12172,"LAMOPE01-BROA-17NOV2022","07:17","",NA,38.05314,NA,121.849375,NA,1.5,NA,NA," 2= against flow","1. No twists; snags; or tears","Boat",NA,NA,NA,"LAMOPE",159.12201242824,"Broad Slough","2022-11-17"," approx. 1/4 of cod end filled with detritus"
"36",6037,10293,"LAMOPE01-BROW-11APR2022","07:57","",NA,38.043021,NA,121.873114,NA,3,NA,NA," 2= against flow","2. Partial twist; snag; or tear","Boat",NA,NA,NA,"LAMOPE",288.23269931296,"Browns Island","2022-04-11"," % cod end filled: 1-33"
"37",6430,10978,"LAMOPE01-DECK-05MAY2022","08:17","",NA,38.084242,NA,121.72386,NA,1.3,NA,NA," 2= against flow","1. No twists; snags; or tears","Boat",NA,NA,NA,"LAMOPE",139.010648691434,"Decker Island","2022-05-05"," gps #6 accuracy 3m; veg in cod end code 1 filalg and potcri"
"38",7130,12128,"LAMOPE01-DECK-15DEC2022","10:33","",NA,38.084028,NA,121.724121,NA,1.5,NA,NA," 2= against flow","2. Partial twist; snag; or tear","Boat",NA,NA,NA,"LAMOPE",159.12201242824,"Decker Island","2022-12-15"," gps 5 accuracy 2m; paired n; code 2 - difficult deployment. dominant vegetation in net: egeden; hyacinth"
"39",7162,12163,"LAMOPE01-FLYW-14NOV2022","13:16","",NA,38.361836,NA,121.642833,NA,1.1,NA,NA," 2= against flow","1. No twists; snags; or tears","Crew Members and Boat",NA,NA,NA,"LAMOPE",118.217730722742,"Flyway Farms","2022-11-14"," gps 5; accuracy 2m. not paired. no net # listed"
"40",7190,12190,"LAMOPE01-GRIZ-21NOV2022","09:06","",NA,38.136635,NA,122.01164,NA,1.9,NA,NA," 2= against flow","1. No twists; snags; or tears","Boat",NA,NA,NA,"LAMOPE",197.300077206198,"Grizzly Bay","2022-11-21"," gps 5; accuracy 3m. not paired. "
"41",7111,12110,"LAMOPE01-HONK-07DEC2022","08:50","",NA,38.061181,NA,121.925821,NA,2.6,NA,NA," 2= against flow","1. No twists; snags; or tears","Boat",NA,NA,NA,"LAMOPE",257.551731085734,"Honker-Spoonbill","2022-12-07"," gps 5 accuracy 5m; paired n"
"42",6665,11505,"LAMOPE01-HONK-09MAY2022","08:22","",NA,38.055375,NA,121.896046,NA,3,NA,NA," 2= against flow","1. No twists; snags; or tears","Boat",NA,NA,NA,"LAMOPE",288.23269931296,"Honker-Spoonbill","2022-05-09"," gps#6; accuracy=3"
"43",6051,10309,"LAMOPE01-HONK-13APR2022","09:38","",NA,38.056494,NA,121.897223,NA,3.9,NA,NA," 2= against flow","1. No twists; snags; or tears","Boat",NA,NA,NA,"LAMOPE",332.7,"Honker-Spoonbill","2022-04-13"," no veg in net"
"44",6061,10318,"LAMOPE01-HORS-18APR2022","08:16","",NA,38.084353,NA,121.714165,NA,1.4,NA,NA," 2= against flow","1. No twists; snags; or tears","Boat",NA,NA,NA,"LAMOPE",149.151524838822,"Horseshoe Bend","2022-04-18"," veg in net: egeden; cerdem; % cod end filled: 67-100"
"45",7215,12217,"LAMOPE01-HORS-30NOV2022","09:53","",NA,38.084095,NA,121.710466,NA,3,NA,NA," 2= against flow","1. No twists; snags; or tears","Boat",NA,NA,NA,"LAMOPE",288.23269931296,"Horseshoe Bend","2022-11-30"," gps5; accuracy 2m. not paired. dominant vegetation in net: hyacinth; egeden; stupec"
"46",6028,10285,"LAMOPE01-LIBE-04APR2022","08:10","",NA,38.275576,NA,121.674301,NA,2,NA,NA," 3= unknown","2. Partial twist; snag; or tear","Boat",NA,NA,NA,"LAMOPE",206.41862200576,"Liberty Island","2022-04-04"," dominant veg in sample: filalg; egeden; cerdem % cod end filled: 1-33% paired? y"
"47",7142,12143,"LAMOPE01-LIBE-28DEC2022","08:28","",NA,38.269828,NA,121.690814,NA,2.3,NA,NA," 2= against flow","1. No twists; snags; or tears","Boat",NA,NA,NA,"LAMOPE",232.751925056618,"Liberty Island","2022-12-28"," gps #5; accuracy 2m; not paired; gearid lam03; dominant veg in net cerdem elodea"
"48",6645,11466,"LAMOPE01-LOWE-04MAY2022","07:25","",NA,38.348232,NA,121.662942,NA,2.6,NA,NA," 2= against flow","1. No twists; snags; or tears","Boat",NA,NA,NA,"LAMOPE",257.551731085734,"Lower Yolo Ranch","2022-05-04"," gps 6 accuracy 3m"
"49",6032,10289,"LAMOPE01-LOWE-06APR2022","08:16","",NA,38.353481,NA,121.653405,NA,1.3,NA,NA," 2= against flow","1. No twists; snags; or tears","Crew Members and Boat",NA,NA,NA,"LAMOPE",139.010648691434,"Lower Yolo Ranch","2022-04-06"," dominant veg in net: stupec; egeden; potcri; elodia; % cod end 1-33; 4 priscu < 25mm; raikil @ 19mm"
"50",7118,12117,"LAMOPE01-LOWE-14DEC2022","09:13","",NA,38.345674,NA,121.668772,NA,1.7,NA,NA," 2= against flow","2. Partial twist; snag; or tear","Boat",NA,NA,NA,"LAMOPE",178.551821933162,"Lower Yolo Ranch","2022-12-14"," gps 5 accuracy 2m; paired n; code 2 - deployed funky; dominant vegetation in sample: filalg; potcri"
"51",6706,11545,"LAMOPE01-NURS-25MAY2022","08:01","",NA,38.181896,NA,121.922737,NA,1.8,NA,NA," 2= against flow","1. No twists; snags; or tears","Boat",NA,NA,NA,"LAMOPE",188.011143848666,"Nurse-Denverton","2022-05-25"," gps 6 accuracy 3m; dominant veg in net stupec; filalg; sheetalg; cod end filled 34-66%;  paired n; nurs-04-2022"
"52",6601,11401,"LAMOPE01-NURS-28APR2022","10:21","",NA,38.175632,NA,121.923196,NA,2.9,NA,NA," 2= against flow","1. No twists; snags; or tears","Boat",NA,NA,NA,"LAMOPE",280.81804009311,"Nurse-Denverton","2022-04-28"," gps #6 accuracy 7m; dominant veg in net: stupec; 1-33%"
"53",7147,12148,"LAMOPE01-PEYT-21DEC2022","08:54","",NA,38.220425,NA,122.044142,NA,1.7,NA,NA," 2= against flow","1. No twists; snags; or tears","Boat",NA,NA,NA,"LAMOPE",178.551821933162,"Peytonia-Suisun","2022-12-21"," gps 5; accuracy 3m; not paired"
"54",7203,12203,"LAMOPE01-PEYT-22NOV2022","09:13","",NA,38.208819,NA,122.033618,NA,1.9,NA,NA," 2= against flow","1. No twists; snags; or tears","Boat",NA,NA,NA,"LAMOPE",197.300077206198,"Peytonia-Suisun","2022-11-22"," gps 5; accuracy 2m. not paired. "
"55",7105,12116,"LAMOPE01-RYER-29DEC2022","07:58","",NA,38.087392,NA,122.015924,NA,1.8,NA,NA," 2= against flow","1. No twists; snags; or tears","Boat",NA,NA,NA,"LAMOPE",188.011143848666,"Ryer Island","2022-12-29"," gps#5; accuracy 3m; gearid lam03; not paired; no fish; depth taken from secchi (do not adjust)"
"56",7166,12167,"LAMOPE01-STAI-15NOV2022","09:15","",NA,38.330568,NA,121.676058,NA,2.1,NA,NA," 2= against flow","1. No twists; snags; or tears","Boat",NA,NA,NA,"LAMOPE",215.36677824735,"Stairsteps-Liberty Cut","2022-11-15"," gps5; accuracy 5m. not paired. dominant vegetation in net: elodia."
"57",6401,10941,"LAMOPE01-TULE-25APR2022","08:05","",NA,38.13366,NA,121.99234,NA,1.6,NA,NA," 2= against flow","1. No twists; snags; or tears","Boat",NA,NA,NA,"LAMOPE",168.922111459686,"Tule Red","2022-04-25"," "
"58",6671,11514,"LAMOPE01-WINT-18MAY2022","07:49","",NA,38.03478,NA,121.84327,NA,1.3,NA,NA," 2= against flow","1. No twists; snags; or tears","Boat",NA,NA,NA,"LAMOPE",139.010648691434,"Winter Island","2022-05-18"," paired? n"
"59",6030,10288,"LAMOPE01-YOLO-05APR2022","08:30","",NA,38.360776,NA,121.645236,NA,1.5,NA,NA," 3= unknown","2. Partial twist; snag; or tear","Crew Members and Boat",NA,NA,NA,"LAMOPE",159.12201242824,"Flyway Farms","2022-04-05"," yolo_01_2022.  deployed a little funky; small twist in one wing towards end. dropped one crew member  on land; deployed net; then they walked back to the boat. % cod end filled: 1-33% "
"60",7102,12102,"LAMOPE02-BROA-05DEC2022","09:37","",NA,38.048499,NA,121.847578,NA,3.7,NA,NA," 2= against flow","2. Partial twist; snag; or tear","Boat",NA,NA,NA,"LAMOPE",332.7,"Broad Slough","2022-12-05"," code 2 - depth slightly too deep; gps 5 accuracy 2m; paired n"
"61",6047,10304,"LAMOPE02-BROA-12APR2022","09:27","",NA,38.039589,NA,121.844916,NA,2.9,NA,NA," 2= against flow","1. No twists; snags; or tears","Boat",NA,NA,NA,"LAMOPE",280.81804009311,"Broad Slough","2022-04-12"," no veg in net"
"62",7172,12173,"LAMOPE02-BROA-17NOV2022","08:24","",NA,38.040369,NA,121.845076,NA,2.1,NA,NA," 2= against flow","1. No twists; snags; or tears","Boat",NA,NA,NA,"LAMOPE",215.36677824735,"Broad Slough","2022-11-17"," gps 5; accuracy 2. not paired. dominant vegetation in net: stuccenia; tule cali; hyacinth. dead tules. "
"63",6038,10295,"LAMOPE02-BROW-11APR2022","08:33","",NA,38.04055,NA,121.856745,NA,1,NA,NA," 2= against flow","1. No twists; snags; or tears","Boat",NA,NA,NA,"LAMOPE",107.56568890144,"Browns Island","2022-04-11"," dominant veg in net: detritus; % filled: 1-33; a lot of mud in net"
"64",6054,10310,"LAMOPE02-CHIP-13APR2022","10:03","",NA,38.06111,NA,121.909212,NA,2.3,NA,NA," 2= against flow","1. No twists; snags; or tears","Boat",NA,NA,NA,"LAMOPE",232.751925056618,"Chipps Island","2022-04-13"," "
"65",7216,12218,"LAMOPE02-DECK-30NOV2022","10:20","",NA,38.084209,NA,121.724037,NA,1,NA,NA," 2= against flow","2. Partial twist; snag; or tear","Boat",NA,NA,NA,"LAMOPE",107.56568890144,"Decker Island","2022-11-30"," gps 5; accuracy 2m. not paired. narrow area= code 2; a lot of dead tule"
"66",7163,12164,"LAMOPE02-FLYW-14NOV2022","13:58","",NA,38.360817,NA,121.641151,NA,1.5,NA,NA," 2= against flow","1. No twists; snags; or tears","Crew Members and Boat",NA,NA,NA,"LAMOPE",159.12201242824,"Flyway Farms","2022-11-14"," gps 5; accuracy 3m. paired."
"67",7191,12191,"LAMOPE02-GRIZ-21NOV2022","09:24","",NA,38.115441,NA,121.999498,NA,2.5,NA,NA," 2= against flow","1. No twists; snags; or tears","Boat",NA,NA,NA,"LAMOPE",249.455517634,"Grizzly Bay","2022-11-21"," gps 5; accuracy 2m. paired? n . lam03 has large hole in mono; switched to lam01; all noranc in larval phase."
"68",7112,12111,"LAMOPE02-HONK-07DEC2022","09:10","",NA,38.065942,NA,121.929158,NA,2.7,NA,NA," 2= against flow","1. No twists; snags; or tears","Boat",NA,NA,NA,"LAMOPE",265.477555979498,"Honker-Spoonbill","2022-12-07"," gps 5 accuracy 4m; paired n"
"69",6666,11506,"LAMOPE02-HONK-09MAY2022","09:00","",NA,38.062124,NA,121.908893,NA,3.4,NA,NA," 2= against flow","1. No twists; snags; or tears","Boat",NA,NA,NA,"LAMOPE",316.187450612646,"Honker-Spoonbill","2022-05-09"," "
"70",6431,10979,"LAMOPE02-HORS-05MAY2022","08:45","",NA,38.083033,NA,121.71348,NA,3,NA,NA," 2= against flow","1. No twists; snags; or tears","Boat",NA,NA,NA,"LAMOPE",288.23269931296,"Horseshoe Bend","2022-05-05"," "
"71",7131,12129,"LAMOPE02-HORS-15DEC2022","12:00","",NA,38.08294,NA,121.726333,NA,1.5,NA,NA," 2= against flow","1. No twists; snags; or tears","Boat",NA,NA,NA,"LAMOPE",159.12201242824,"Horseshoe Bend","2022-12-15"," gps5 accuracy 2m; paired n; dominant vegetation in net: filalg; egeden"
"72",6062,10319,"LAMOPE02-HORS-18APR2022","08:53","",NA,38.083255,NA,121.719944,NA,3.3,NA,NA," 2= against flow","1. No twists; snags; or tears","Boat",NA,NA,NA,"LAMOPE",309.454345624682,"Horseshoe Bend","2022-04-18"," veg in net: egeden; % cod end filled: 1-33"
"73",6029,10286,"LAMOPE02-LIBE-04APR2022","10:41","",NA,38.273002,NA,121.690491,NA,1.5,NA,NA," 3= unknown","1. No twists; snags; or tears","Boat",NA,NA,NA,"LAMOPE",159.12201242824,"Liberty Island","2022-04-04"," dominant veg in net: egeden; cerdem; myrspi cod end %: 34-66"
"74",7143,12144,"LAMOPE02-LIBE-28DEC2022","09:01","",NA,38.286305,NA,121.69054,NA,1.8,NA,NA," 2= against flow","1. No twists; snags; or tears","Boat",NA,NA,NA,"LAMOPE",188.011143848666,"Liberty Island","2022-12-28"," gps #5; accuracy 2m; not paired; gearid blank but lam03 was used for all other samples that day; dominant veg in net elodea naiad?"
"75",6646,11467,"LAMOPE02-LOWE-04MAY2022","07:42","",NA,38.349296,NA,121.660725,NA,0.9,NA,NA," 2= against flow","2. Partial twist; snag; or tear","Boat",NA,NA,NA,"LAMOPE",96.7432585221664,"Lower Yolo Ranch","2022-05-04"," net caught on transducer during deployment. gps 6 accuracy 3m; osmspp brought back to office-> lab confirmed wakasa. paired? n"
"76",6033,10290,"LAMOPE02-LOWE-06APR2022","09:10","",NA,38.344563,NA,121.661329,NA,1.4,NA,NA," 2= against flow","1. No twists; snags; or tears","Crew Members and Boat",NA,NA,NA,"LAMOPE",149.151524838822,"Lower Yolo Ranch","2022-04-06"," 2 priscu < 25mm"
"77",7120,12119,"LAMOPE02-LOWE-14DEC2022","09:46","",NA,38.35387,NA,121.654716,NA,0.9,NA,NA," 2= against flow","2. Partial twist; snag; or tear","Boat",NA,NA,NA,"LAMOPE",96.7432585221664,"Lower Yolo Ranch","2022-12-14"," gps 5 accuracy 2; paired n; code 2 - difficult deployment; very narrow channel; certum (?) veg; dominant vegetation in sample: filalg; potcri; elodia; cerdem"
"78",6707,11546,"LAMOPE02-NURS-25MAY2022","08:39","",NA,38.196383,NA,121.913853,NA,1.1,NA,NA," 2= against flow","1. No twists; snags; or tears","Boat",NA,NA,NA,"LAMOPE",118.217730722742,"Nurse-Denverton","2022-05-25"," gps 6 accuracy 3m; cod end % filled 1-33 of detritus; paired n"
"79",6602,11402,"LAMOPE02-NURS-28APR2022","10:44","",NA,38.190284,NA,121.930149,NA,1.8,NA,NA," 2= against flow","1. No twists; snags; or tears","Boat",NA,NA,NA,"LAMOPE",188.011143848666,"Nurse-Denverton","2022-04-28"," gps #6 accuracy 6m"
"80",7148,12149,"LAMOPE02-PEYT-21DEC2022","09:12","",NA,38.215173,NA,122.035315,NA,1.1,NA,NA," 2= against flow","2. Partial twist; snag; or tear","Boat",NA,NA,NA,"LAMOPE",118.217730722742,"Peytonia-Suisun","2022-12-21"," current did not let boat fully turn against it. pulled bow 45 degrees against current"
"81",7204,12204,"LAMOPE02-PEYT-22NOV2022","09:33","",NA,38.226008,NA,122.03709,NA,2.5,NA,NA," 2= against flow","1. No twists; snags; or tears","Boat",NA,NA,NA,"LAMOPE",249.455517634,"Peytonia-Suisun","2022-11-22"," gps 5; accuracy 2m. not paired. "
"82",6411,10951,"LAMOPE02-PEYT-27APR2022","08:09","",NA,38.214757,NA,122.035494,NA,2.5,NA,NA," 2= against flow","1. No twists; snags; or tears","Boat",NA,NA,NA,"LAMOPE",249.455517634,"Peytonia-Suisun","2022-04-27"," gps #6 accuracy 3m"
"83",7117,12118,"LAMOPE02-RYER-29DEC2022","08:13","",NA,38.08367,NA,122.013334,NA,1.4,NA,NA," 2= against flow","1. No twists; snags; or tears","Boat",NA,NA,NA,"LAMOPE",149.151524838822,"Ryer Island","2022-12-29"," gps#5; accuracy 2m; not paired; gearid lam03; dmc230518: no health codes on any of the missil"
"84",7167,12168,"LAMOPE02-STAI-15NOV2022","09:43","",NA,38.325399,NA,121.684549,NA,2.4,NA,NA," 2= against flow","1. No twists; snags; or tears","Boat",NA,NA,NA,"LAMOPE",241.188915624294,"Stairsteps-Liberty Cut","2022-11-15"," gps 5; accuracy 2m. not paired. dominant vegetation in sample: filalg."
"85",6402,10942,"LAMOPE02-TULE-25APR2022","08:47","",NA,38.12058,NA,121.98178,NA,1.5,NA,NA," 2= against flow","2. Partial twist; snag; or tear","Crew Members and Boat",NA,NA,NA,"LAMOPE",159.12201242824,"Tule Red","2022-04-25"," "
"86",6672,11515,"LAMOPE02-WINT-18MAY2022","08:09","",NA,38.049312,NA,121.852346,NA,1.1,NA,NA," 2= against flow","2. Partial twist; snag; or tear","Boat",NA,NA,NA,"LAMOPE",118.217730722742,"Winter Island","2022-05-18"," code 2: deployed funky"
"87",7103,12103,"LAMOPE03-BROA-05DEC2022","09:49","",NA,38.050665,NA,121.848451,NA,4,NA,NA," 2= against flow","2. Partial twist; snag; or tear","Boat",NA,NA,NA,"LAMOPE",332.7,"Broad Slough","2022-12-05"," code 2 - depth"
"88",6049,10305,"LAMOPE03-BROA-12APR2022","10:08","",NA,38.047847,NA,121.847544,NA,3.5,NA,NA," 2= against flow","1. No twists; snags; or tears","Boat",NA,NA,NA,"LAMOPE",322.75016704264,"Broad Slough","2022-04-12"," paired? n iris in cod end broa-02-2022"
"89",7173,12174,"LAMOPE03-BROA-17NOV2022","09:00","",NA,38.030655,NA,121.838696,NA,3,NA,NA," 2= against flow","1. No twists; snags; or tears","Boat",NA,NA,NA,"LAMOPE",288.23269931296,"Broad Slough","2022-11-17"," gps 5; accuracy 2m. not paired. "
"90",6039,10296,"LAMOPE03-BROW-11APR2022","09:20","",NA,38.03793,NA,121.873786,NA,1.5,NA,NA," 3= unknown","1. No twists; snags; or tears","Boat",NA,NA,NA,"LAMOPE",159.12201242824,"Browns Island","2022-04-11"," % cod end filled: 1-33"
"91",7192,12192,"LAMOPE03-GRIZ-21NOV2022","09:45","",NA,38.121864,NA,121.99158,NA,1.4,NA,NA," 2= against flow","1. No twists; snags; or tears","Boat",NA,NA,NA,"LAMOPE",149.151524838822,"Grizzly Bay","2022-11-21"," "
"92",7113,12112,"LAMOPE03-HONK-07DEC2022","09:33","",NA,38.079223,NA,121.922098,NA,2.6,NA,NA," 2= against flow","1. No twists; snags; or tears","Boat",NA,NA,NA,"LAMOPE",257.551731085734,"Honker-Spoonbill","2022-12-07"," gps 5 accuracy 3m; paired n"
"93",6667,11507,"LAMOPE03-HONK-09MAY2022","09:26","",NA,38.069833,NA,121.912016,NA,3.3,NA,NA," 2= against flow","2. Partial twist; snag; or tear","Boat",NA,NA,NA,"LAMOPE",309.454345624682,"Honker-Spoonbill","2022-05-09"," twist on one side of net"
"94",6055,10312,"LAMOPE03-HONK-13APR2022","10:29","",NA,38.062023,NA,121.908776,NA,3.1,NA,NA," 2= against flow","1. No twists; snags; or tears","Boat",NA,NA,NA,"LAMOPE",295.476969974838,"Honker-Spoonbill","2022-04-13"," "
"95",6432,10980,"LAMOPE03-HORS-05MAY2022","09:13","",NA,38.087461,NA,121.71092,NA,2.6,NA,NA," 2= against flow","1. No twists; snags; or tears","Boat",NA,NA,NA,"LAMOPE",257.551731085734,"Horseshoe Bend","2022-05-05"," gps #6 accuracy 5m; veg in cod end code 1 egeden; potcri"
"96",7133,12130,"LAMOPE03-HORS-15DEC2022","12:32","",NA,38.080476,NA,121.727987,NA,1.9,NA,NA," 2= against flow","1. No twists; snags; or tears","Boat",NA,NA,NA,"LAMOPE",197.300077206198,"Horseshoe Bend","2022-12-15"," gps 5 accuracy 2m; dominant vegetation in net: egeden; cerdem"
"97",6064,10321,"LAMOPE03-HORS-18APR2022","09:52","",NA,38.08278,NA,121.728627,NA,3.5,NA,NA," 2= against flow","1. No twists; snags; or tears","Boat",NA,NA,NA,"LAMOPE",322.75016704264,"Horseshoe Bend","2022-04-18"," veg in net: egeden; cerdem; % cod end filled: 1-33"
"98",7217,12219,"LAMOPE03-HORS-30NOV2022","10:45","",NA,38.083242,NA,121.724554,NA,1.4,NA,NA," 2= against flow","1. No twists; snags; or tears","Boat",NA,NA,NA,"LAMOPE",149.151524838822,"Horseshoe Bend","2022-11-30"," gps 5; accuracy 2m. not paired; dominant vegetation in net: hyacinth; myrspi"
"99",7144,12145,"LAMOPE03-LIBE-28DEC2022","09:20","",NA,38.291881,NA,121.683347,NA,1.6,NA,NA," 2= against flow","1. No twists; snags; or tears","Boat",NA,NA,NA,"LAMOPE",168.922111459686,"Liberty Island","2022-12-28"," gps #5; accuracy 2m; not paired; gearid lam03"
"100",6647,11468,"LAMOPE03-LOWE-04MAY2022","07:58","",NA,38.3494,NA,121.660624,NA,0.9,NA,NA," 2= against flow","1. No twists; snags; or tears","Boat",NA,NA,NA,"LAMOPE",96.7432585221664,"Lower Yolo Ranch","2022-05-04"," gps 6 accuracy 3m; missil full of eggs - a lot of them"
"101",6035,10292,"LAMOPE03-LOWE-06APR2022","10:02","",NA,38.356446,NA,121.659184,NA,1.5,NA,NA," 2= against flow","1. No twists; snags; or tears","Boat",NA,NA,NA,"LAMOPE",159.12201242824,"Lower Yolo Ranch","2022-04-06"," 3 priscu <25 mm"
"102",7122,12120,"LAMOPE03-LOWE-14DEC2022","10:48","",NA,38.353669,NA,121.649744,NA,1.2,NA,NA," 2= against flow","2. Partial twist; snag; or tear","Crew Members and Boat",NA,NA,NA,"LAMOPE",128.699383986074,"Lower Yolo Ranch","2022-12-14"," gps 5 accuracy 3m; paired n; code 2 - very narrow channel; ks deployed on one side; crossed. mosqui @58!! most crayfish small."
"103",7168,12169,"LAMOPE03-LOWE-15NOV2022","10:20","",NA,38.35053,NA,121.658247,NA,1.6,NA,NA," 2= against flow","2. Partial twist; snag; or tear","Crew Members and Boat",NA,NA,NA,"LAMOPE",168.922111459686,"Lower Yolo Ranch","2022-11-15"," gps 5; accuracy 2m. not paired. dominant vegetation in net: elodia. code 2 (debatably 3) - caught a log; had to remove during retrieval; but veg kept a lot in the cod end; but definitely a compromised sample"
"104",6708,11547,"LAMOPE03-NURS-25MAY2022","09:21","",NA,38.19404,NA,121.912582,NA,0.8,NA,NA," 3= unknown","1. No twists; snags; or tears","Boat",NA,NA,NA,"LAMOPE",85.7504395849216,"Nurse-Denverton","2022-05-25"," gps 6 accuracy 4m; detritus in net 1-33%; gastric lavage on strbas - nothing; paired n; tow direction unknown due to no flow; unid in vial 2022 hch-032 was found to be a missil according to ma 11oct2022"
"105",6603,11461,"LAMOPE03-NURS-28APR2022","11:04","",NA,38.176841,NA,121.91612,NA,2.6,NA,NA," 2= against flow","1. No twists; snags; or tears","Boat",NA,NA,NA,"LAMOPE",257.551731085734,"Nurse-Denverton","2022-04-28"," "
"106",7149,12150,"LAMOPE03-PEYT-21DEC2022","09:30","",NA,38.207539,NA,122.033057,NA,1.5,NA,NA," 2= against flow","2. Partial twist; snag; or tear","Boat",NA,NA,NA,"LAMOPE",159.12201242824,"Peytonia-Suisun","2022-12-21"," pulled in net at 45 degree angle against current due to high velocity"
"107",7205,12205,"LAMOPE03-PEYT-22NOV2022","09:53","",NA,38.226403,NA,122.038499,NA,2.1,NA,NA," 2= against flow","1. No twists; snags; or tears","Boat",NA,NA,NA,"LAMOPE",215.36677824735,"Peytonia-Suisun","2022-11-22"," gps 5; accuracy 2m. not paired."
"108",6412,10952,"LAMOPE03-PEYT-27APR2022","08:38","",NA,38.2243,NA,122.033029,NA,1,NA,NA," 2= against flow","1. No twists; snags; or tears","Boat",NA,NA,NA,"LAMOPE",107.56568890144,"Peytonia-Suisun","2022-04-27"," trawled through stupec"
"109",7127,12125,"LAMOPE03-RYER-29DEC2022","08:35","",NA,38.078046,NA,122.013491,NA,3.1,NA,NA," 2= against flow","1. No twists; snags; or tears","Boat",NA,NA,NA,"LAMOPE",295.476969974838,"Ryer Island","2022-12-29"," gps#5; accuracy 2m; not paired; no fish; gearid lam03"
"110",6403,10943,"LAMOPE03-TULE-25APR2022","09:10","",NA,38.13257,NA,121.99169,NA,1.5,NA,NA," 2= against flow","1. No twists; snags; or tears","Boat",NA,NA,NA,"LAMOPE",159.12201242824,"Tule Red","2022-04-25"," "
"111",6673,11516,"LAMOPE03-WINT-18MAY2022","18:22","",NA,38.048165,NA,121.850669,NA,0.8,NA,NA," 2= against flow","2. Partial twist; snag; or tear","Boat",NA,NA,NA,"LAMOPE",85.7504395849216,"Winter Island","2022-05-18"," gps#6; accuracy=3; code 2:small twist in one wing"
"112",6663,11503,"LAMOPE03-YOLO-02MAY2022","08:25","",NA,38.360845,NA,121.643486,NA,1.9,NA,NA," 2= against flow","2. Partial twist; snag; or tear","Crew Members and Boat",NA,NA,NA,"LAMOPE",197.300077206198,"Flyway Farms","2022-05-02"," code 2=turned w/ tide; priscu=20mm; gps 6; accuracy=3m"
"113",6053,10311,"LAMOPE03-YOLO-05APR2022","09:40","",NA,38.362165,NA,121.642812,NA,1.1,NA,NA," 2= against flow","2. Partial twist; snag; or tear","Crew Members and Boat",NA,NA,NA,"LAMOPE",118.217730722742,"Flyway Farms","2022-04-05"," +1 missil crushed. yolo_02_2022. code 2 - boat drifted over net briefly; recovered.  % cod end filled: 1-33%"
"114",6709,11548,"LAMOPE04-ARNO-25MAY2022","10:09","",NA,38.175433,NA,121.907699,NA,1.2,NA,NA," 2= against flow","2. Partial twist; snag; or tear","Crew Members and Boat",NA,NA,NA,"LAMOPE",128.699383986074,"Arnold Slough","2022-05-25"," gps 6 accuracy 3m; paired n; dominant veg in net filalg 1-33%; code 2 due to twist in net; harmud found on deck but not sure if from this sampling event/site"
"115",6641,11462,"LAMOPE04-ARNO-28APR2022","11:37","",NA,38.179359,NA,121.906276,NA,3.6,NA,NA," 2= against flow","2. Partial twist; snag; or tear","Boat",NA,NA,NA,"LAMOPE",332.7,"Arnold Slough","2022-04-28"," no depth recorded; seine code 2: high flow caused lampara to flow away from boat as we approached it "
"116",7114,12113,"LAMOPE04-CHIP-07DEC2022","10:02","",NA,38.062776,NA,121.910329,NA,2.8,NA,NA," 2= against flow","1. No twists; snags; or tears","Boat",NA,NA,NA,"LAMOPE",273.23299231529,"Chipps Island","2022-12-07"," gps 5 accuracy 3m; paired n"
"117",6668,11508,"LAMOPE04-CHIP-09MAY2022","09:49","",NA,38.061403,NA,121.909815,NA,2.3,NA,NA," 2= against flow","1. No twists; snags; or tears","Boat",NA,NA,NA,"LAMOPE",232.751925056618,"Chipps Island","2022-05-09"," chip-04-2022"
"118",6056,10313,"LAMOPE04-CHIP-13APR2022","10:57","",NA,38.060985,NA,121.908945,NA,2.5,NA,NA," 2= against flow","1. No twists; snags; or tears","Boat",NA,NA,NA,"LAMOPE",249.455517634,"Chipps Island","2022-04-13"," "
"119",7145,12146,"LAMOPE04-FLYW-28DEC2022","10:10","",NA,38.364284,NA,121.64314,NA,1.3,NA,NA," 2= against flow","2. Partial twist; snag; or tear","Crew Members and Boat",NA,NA,NA,"LAMOPE",139.010648691434,"Flyway Farms","2022-12-28"," gearid lam03; code 2 - net got caught on transducer; depth from secchi (do not adjust); gps 5 accuracy 2m;dominant veg in net elodea cerdom"
"120",6433,10981,"LAMOPE04-HORS-05MAY2022","09:34","",NA,38.094554,NA,121.709719,NA,3.6,NA,NA," 2= against flow","1. No twists; snags; or tears","Boat",NA,NA,NA,"LAMOPE",332.7,"Horseshoe Bend","2022-05-05"," gps #6 accuracy 3m; lots of egeden caught on lead line; not necessarily in cod end. many snails in sample. crayfish in sample but no count recorded"
"121",7134,12132,"LAMOPE04-HORS-15DEC2022","12:56","",NA,38.08389,NA,121.721186,NA,1.1,NA,NA," 2= against flow","1. No twists; snags; or tears","Boat",NA,NA,NA,"LAMOPE",118.217730722742,"Horseshoe Bend","2022-12-15"," gps 5 accuracy 2m; paired n; dominant vegetation in net: egeden"
"122",7218,12220,"LAMOPE04-HORS-30NOV2022","11:10","",NA,38.080468,NA,121.729202,NA,2.5,NA,NA," 2= against flow","1. No twists; snags; or tears","Boat",NA,NA,NA,"LAMOPE",249.455517634,"Horseshoe Bend","2022-11-30"," gps 5; accuracy 2m. not paired. dominant vegetation in net: egeria; myrspi. hitch tag #frp22001"
"123",6648,11470,"LAMOPE04-LOWE-04MAY2022","08:29","",NA,38.355615,NA,121.659618,NA,1.8,NA,NA," 2= against flow","1. No twists; snags; or tears","Boat",NA,NA,NA,"LAMOPE",188.011143848666,"Lower Yolo Ranch","2022-05-04"," gpa 6 accuracy 3m; carp jumped out +1; ran out of tags for hitch; osm not measured; 16 total but take final count in lab; +50 mysids; lowe-07-2022; osmspp: 5 dna confirmed wakasa; 14 lab confirmed wakasa;"
"124",7169,12170,"LAMOPE04-LOWE-15NOV2022","11:15","",NA,38.355909,NA,121.659317,NA,2.7,NA,NA," 2= against flow","1. No twists; snags; or tears","Boat",NA,NA,NA,"LAMOPE",265.477555979498,"Lower Yolo Ranch","2022-11-15"," gps 5; accuracy 2m. not paired. dominant vegetation in net: potcri"
"125",6413,10953,"LAMOPE04-PEYT-27APR2022","09:32","",NA,38.225312,NA,122.042752,NA,2.9,NA,NA," 2= against flow","1. No twists; snags; or tears","Boat",NA,NA,NA,"LAMOPE",280.81804009311,"Peytonia-Suisun","2022-04-27"," gps #6 accuracy 3m. paired? y"
"126",6065,10322,"LAMOPE04-STAC-18APR2022","10:54","",NA,38.096919,NA,121.58992,NA,3,NA,NA," 2= against flow","1. No twists; snags; or tears","Boat",NA,NA,NA,"LAMOPE",288.23269931296,"Webb Tract Islands and Berms","2022-04-18"," veg in net: egeden; gps 6 accuracy 6m"
"127",6059,10316,"LAMOPE04-STAI-05APR2022","10:29","",NA,38.34972,NA,121.649603,NA,0.9,NA,NA," 3= unknown","1. No twists; snags; or tears","Boat",NA,NA,NA,"LAMOPE",96.7432585221664,"Stairsteps-Liberty Cut","2022-04-05"," stai_02_2022. % cod end filled: 1-33% "
"128",7123,12121,"LAMOPE04-STAI-14DEC2022","12:23","",NA,38.33032,NA,121.676063,NA,3.5,NA,NA," 2= against flow","1. No twists; snags; or tears","Boat",NA,NA,NA,"LAMOPE",322.75016704264,"Stairsteps-Liberty Cut","2022-12-14"," gps 5 accuracy 2m; paired n; depth from handheld; do not adjust for draft of boat"
"129",7193,12193,"LAMOPE04-TULE-21NOV2022","10:04","",NA,38.133384,NA,121.992294,NA,1.2,NA,NA," 2= against flow","1. No twists; snags; or tears","Boat",NA,NA,NA,"LAMOPE",128.699383986074,"Tule Red","2022-11-21"," gps 5; accuracy 3m. not paired."
"130",7129,12127,"LAMOPE04-TULE-29DEC2022","09:10","",NA,38.124088,NA,121.984445,NA,2.6,NA,NA," 2= against flow","2. Partial twist; snag; or tear","Boat",NA,NA,NA,"LAMOPE",257.551731085734,"Tule Red","2022-12-29"," gps #5; accuracy 3m; not paired; no catch; seine code 2 due to weird twist in net; gearid lam03"
"131",7150,12151,"LAMOPE04-WING-21DEC2022","09:57","",NA,38.215681,NA,122.040966,NA,1.1,NA,NA," ","1. No twists; snags; or tears","Boat",NA,NA,NA,"LAMOPE",118.217730722742,"Wings Landing","2022-12-21"," depth taken with secchi"
"132",7206,12206,"LAMOPE04-WING-22NOV2022","10:22","",NA,38.222925,NA,122.042173,NA,0.6,NA,NA," 2= against flow","1. No twists; snags; or tears","Boat",NA,NA,NA,"LAMOPE",63.2536360365184,"Wings Landing","2022-11-22"," gps 5; accuracy 3m. not paired. tow direction - not a lot of flow. depth: much of the time depth was not showing; brief moment showed 0.3"
"133",7104,12104,"LAMOPE04-WINT-05DEC2022","10:22","",NA,38.033179,NA,121.843527,NA,3.3,NA,NA," 2= against flow","1. No twists; snags; or tears","Boat",NA,NA,NA,"LAMOPE",309.454345624682,"Winter Island","2022-12-05"," gps 5 accuracy 3m; paired n"
"134",6040,10297,"LAMOPE04-WINT-11APR2022","10:12","",NA,38.05047,NA,121.853551,NA,0.9,NA,NA," 2= against flow","1. No twists; snags; or tears","Boat",NA,NA,NA,"LAMOPE",96.7432585221664,"Winter Island","2022-04-11"," dominant veg in net: myraqu; filalg; elodia; % cod end filled: trace"
"135",7174,12175,"LAMOPE04-WINT-17NOV2022","09:30","",NA,38.045309,NA,121.85024,NA,1.1,NA,NA," 2= against flow","1. No twists; snags; or tears","Boat",NA,NA,NA,"LAMOPE",118.217730722742,"Winter Island","2022-11-17"," gps 5; accuracy 4. not paired. cod end filled w/ detritus ~50%"
"136",6674,11517,"LAMOPE04-WINT-18MAY2022","08:52","",NA,38.048199,NA,121.848576,NA,3,NA,NA," 2= against flow","1. No twists; snags; or tears","Boat",NA,NA,NA,"LAMOPE",288.23269931296,"Winter Island","2022-05-18"," gps#6; accuracy=3; high flow made deployment tricky"
"137",6664,11504,"LAMOPE04-YOLO-02MAY2022","08:43","",NA,38.360791,NA,121.641056,NA,2,NA,NA," 2= against flow","1. No twists; snags; or tears","Crew Members and Boat",NA,NA,NA,"LAMOPE",206.41862200576,"Flyway Farms","2022-05-02"," hitch: 2022_hch_024; gps#6; accuracy=3"
"138",6710,11549,"LAMOPE05-ARNO-25MAY2022","10:33","",NA,38.177216,NA,121.907694,NA,1,NA,NA," 2= against flow","1. No twists; snags; or tears","Boat",NA,NA,NA,"LAMOPE",107.56568890144,"Arnold Slough","2022-05-25"," gps 6 accuracy 3m; dominant veg in net: stupec; filalg 1-33%; seine deployment not selected on datasheet; gearid lam03; paired n"
"139",6643,11464,"LAMOPE05-ARNO-28APR2022","12:46","",NA,38.175505,NA,121.907764,NA,1.3,NA,NA," 2= against flow","1. No twists; snags; or tears","Boat",NA,NA,NA,"LAMOPE",139.010648691434,"Arnold Slough","2022-04-28"," gps 6 accuracy 3m"
"140",6675,11518,"LAMOPE05-BROW-18MAY2022","09:29","",NA,38.039979,NA,121.855764,NA,0.8,NA,NA," 2= against flow","1. No twists; snags; or tears","Boat",NA,NA,NA,"LAMOPE",85.7504395849216,"Browns Island","2022-05-18"," a lot of detritus in cod end"
"141",7115,12114,"LAMOPE05-CHIP-07DEC2022","10:32","",NA,38.055837,NA,121.929636,NA,3,NA,NA," 2= against flow","1. No twists; snags; or tears","Boat",NA,NA,NA,"LAMOPE",288.23269931296,"Chipps Island","2022-12-07"," gps 5 accuracy 2m; paired n; dominant vegetation in net: ulva spp"
"142",6669,11509,"LAMOPE05-CHIP-09MAY2022","10:09","",NA,38.068262,NA,121.912931,NA,2.3,NA,NA," 2= against flow","1. No twists; snags; or tears","Boat",NA,NA,NA,"LAMOPE",232.751925056618,"Chipps Island","2022-05-09"," gps#6; accuracy=3; chip-05-2022"
"143",7146,12147,"LAMOPE05-FLYW-28DEC2022","10:51","",NA,38.360739,NA,121.640775,NA,1.9,NA,NA," 2= against flow","1. No twists; snags; or tears","Crew Members and Boat",NA,NA,NA,"LAMOPE",197.300077206198,"Flyway Farms","2022-12-28"," gps #5; accuracy 2m; not paired; gearid lam03; depth from secchi - do not adjust; dominant veg in net hyacinth"
"144",6057,10314,"LAMOPE05-HONK-13APR2022","11:23","",NA,38.065839,NA,121.911158,NA,3.1,NA,NA," 2= against flow","1. No twists; snags; or tears","Boat",NA,NA,NA,"LAMOPE",295.476969974838,"Honker-Spoonbill","2022-04-13"," "
"145",7170,12171,"LAMOPE05-LOWE-15NOV2022","12:06","",NA,38.345712,NA,121.668672,NA,3,NA,NA," 2= against flow","2. Partial twist; snag; or tear","Crew Members and Boat",NA,NA,NA,"LAMOPE",288.23269931296,"Lower Yolo Ranch","2022-11-15"," gps 5; accuracy 2m. not paired. code 2 - deployed a little funky because of the way the water was moving and narrow channel"
"146",6657,11479,"LAMOPE05-STAC-05MAY2022","11:43","",NA,38.096776,NA,121.592669,NA,3,NA,NA," 2= against flow","1. No twists; snags; or tears","Boat",NA,NA,NA,"LAMOPE",288.23269931296,"Webb Tract Island and Berms","2022-05-05"," gps 6 accuracy 3m; dominant veg egeden 1-33%; priscu may have been from previous sample; found on boat deck"
"147",6066,10323,"LAMOPE05-STAC-18APR2022","11:09","",NA,38.096038,NA,121.586957,NA,3.9,NA,NA," 2= against flow","1. No twists; snags; or tears","Boat",NA,NA,NA,"LAMOPE",332.7,"Webb Tract Islands and Berms","2022-04-18"," no veg in net"
"148",7124,12122,"LAMOPE05-STAI-14DEC2022","12:41","",NA,38.328822,NA,121.676079,NA,3.7,NA,NA," 2= against flow","1. No twists; snags; or tears","Boat",NA,NA,NA,"LAMOPE",332.7,"Stairsteps-Liberty Cut","2022-12-14"," gps 5 accuracy 2m; paired n"
"149",7194,12194,"LAMOPE05-TULE-21NOV2022","10:23","",NA,38.123772,NA,121.98429,NA,2.6,NA,NA," 2= against flow","1. No twists; snags; or tears","Boat",NA,NA,NA,"LAMOPE",257.551731085734,"Tule Red","2022-11-21"," gps 5; accuracy 2m. not paired. "
"150",7132,12131,"LAMOPE05-TULE-29DEC2022","09:25","",NA,38.129455,NA,121.988852,NA,2,NA,NA," 2= against flow","1. No twists; snags; or tears","Boat",NA,NA,NA,"LAMOPE",206.41862200576,"Tule Red","2022-12-29"," gps#5; accuracy 3m; not paired; gearid lam03"
"151",7151,12152,"LAMOPE05-WING-21DEC2022","10:19","",NA,38.220298,NA,122.034501,NA,1.1,NA,NA," 2= against flow","1. No twists; snags; or tears","Boat",NA,NA,NA,"LAMOPE",118.217730722742,"Wings Landing","2022-12-21"," depth using secchi. gps 5; accuracy 2m. not paired."
"152",7207,12209,"LAMOPE05-WING-22NOV2022","10:49","",NA,38.221026,NA,122.03692,NA,0.9,NA,NA," 2= against flow","1. No twists; snags; or tears","Boat",NA,NA,NA,"LAMOPE",96.7432585221664,"Wings Landing","2022-11-22"," gps 5; accuracy 3m. not paired; tow direction not enough flow to be against it"
"153",6414,10954,"LAMOPE05-WING-27APR2022","12:57","",NA,38.214255,NA,122.038202,NA,0.9,NA,NA," 2= against flow","1. No twists; snags; or tears","Boat",NA,NA,NA,"LAMOPE",96.7432585221664,"Wings Landing","2022-04-27"," gps #6 accuracy 3m"
"154",7106,12105,"LAMOPE05-WINT-05DEC2022","10:37","",NA,38.038456,NA,121.846399,NA,2.4,NA,NA," 2= against flow","1. No twists; snags; or tears","Boat",NA,NA,NA,"LAMOPE",241.188915624294,"Winter Island","2022-12-05"," dominant vegetation in sample: potcri; myrspp; egeden; cerdem; gps 5 accuracy 3m; paired n"
"155",6042,10298,"LAMOPE05-WINT-11APR2022","10:46","",NA,38.045869,NA,121.850751,NA,2.2,NA,NA," 2= against flow","1. No twists; snags; or tears","Boat",NA,NA,NA,"LAMOPE",224.14454593097,"Winter Island","2022-04-11"," dominant veg in net: cerdem; myraqu; % cod end filled: trace"
"156",7175,12176,"LAMOPE05-WINT-17NOV2022","10:41","",NA,38.043311,NA,121.84646,NA,2.4,NA,NA," 2= against flow","1. No twists; snags; or tears","Boat",NA,NA,NA,"LAMOPE",241.188915624294,"Winter Island","2022-11-17"," gps 5; accuracy 2m. not paired. "
"157",7135,12133,"LAMOPE05-WTIB-15DEC2022","13:52","",NA,38.096282,NA,121.588084,NA,3.8,NA,NA," 2= against flow","2. Partial twist; snag; or tear","Boat",NA,NA,NA,"LAMOPE",332.7,"Webb Tract Islands and Berms","2022-12-15"," gps 5 accuracy 3m; paired n; code 2 - depth. dominant vegetation in net: hyacinth; egeria"
"158",7221,12223,"LAMOPE05-WTIB-30NOV2022","14:26","",NA,38.094736,NA,121.590634,NA,3.5,NA,NA," 2= against flow","1. No twists; snags; or tears","Boat",NA,NA,NA,"LAMOPE",322.75016704264,"Webb Tract Islands and Berms","2022-11-30"," gps 5; accuracy 3m. not paired. dominant vegetation in net: egeden; myrspi. tadpole = bullfrog"
"159",6649,11471,"LAMOPE05-YOLO-04MAY2022","10:31","",NA,38.360928,NA,121.643181,NA,1.3,NA,NA," 2= against flow","1. No twists; snags; or tears","Crew Members and Boat",NA,NA,NA,"LAMOPE",139.010648691434,"Flyway Farms","2022-05-04"," gps 6 accuracy 3m; dominant veg in net: filalg; 1-33%; one priscu @ 22mm"
"160",6711,11550,"LAMOPE06-ARNO-25MAY2022","10:57","",NA,38.179148,NA,121.90664,NA,2.1,NA,NA," 2= against flow","2. Partial twist; snag; or tear","Boat",NA,NA,NA,"LAMOPE",215.36677824735,"Arnold Slough","2022-05-25"," gps 6 accuracy 3m; code 2 due to high flows causing net to be too narrow"
"161",6644,11465,"LAMOPE06-ARNO-28APR2022","13:13","",NA,38.179663,NA,121.904988,NA,1.1,NA,NA," 2= against flow","1. No twists; snags; or tears","Boat",NA,NA,NA,"LAMOPE",118.217730722742,"Arnold Slough","2022-04-28"," gps 6 accuracy 8m"
"162",6676,11519,"LAMOPE06-BROW-18MAY2022","10:11","",NA,38.039979,NA,121.855764,NA,3.2,NA,NA," 2= against flow","1. No twists; snags; or tears","Boat",NA,NA,NA,"LAMOPE",302.550852078746,"Browns Island","2022-05-18"," brow-06-2022; topsme:20"
"163",7116,12115,"LAMOPE06-CHIP-07DEC2022","10:53","",NA,38.056679,NA,121.920316,NA,2.4,NA,NA," 2= against flow","1. No twists; snags; or tears","Boat",NA,NA,NA,"LAMOPE",241.188915624294,"Chipps Island","2022-12-07"," gps 5 accuracy 2m; paired n"
"164",6670,11510,"LAMOPE06-CHIP-09MAY2022","10:55","",NA,38.054535,NA,121.932846,NA,3,NA,NA," 2= against flow","1. No twists; snags; or tears","Boat",NA,NA,NA,"LAMOPE",288.23269931296,"Chipps Island","2022-05-09"," chip-06-2022; gps 6 accuracy 4m"
"165",6058,10315,"LAMOPE06-CHIP-13APR2022","12:00","",NA,38.055915,NA,121.9305,NA,2.6,NA,NA," 2= against flow","1. No twists; snags; or tears","Boat",NA,NA,NA,"LAMOPE",257.551731085734,"Chipps Island","2022-04-13"," "
"166",6658,11480,"LAMOPE06-STAC-05MAY2022","12:04","",NA,38.097427,NA,121.592,NA,3.3,NA,NA," 2= against flow","1. No twists; snags; or tears","Boat",NA,NA,NA,"LAMOPE",309.454345624682,"Webb Tract Island and Berms","2022-05-05"," gps 6 accuracy 3m; dominant veg in net potcri 1-33%"
"167",6067,10324,"LAMOPE06-STAC-18APR2022","11:31","",NA,38.093627,NA,121.582076,NA,2.6,NA,NA," 2= against flow","1. No twists; snags; or tears","Boat",NA,NA,NA,"LAMOPE",257.551731085734,"Webb Tract Islands and Berms","2022-04-18"," "
"168",6048,10306,"LAMOPE06-STAI-05APR2022","12:35","",NA,38.33851,NA,121.65749,NA,2.1,NA,NA," 3= unknown","1. No twists; snags; or tears","Boat",NA,NA,NA,"LAMOPE",215.36677824735,"Stairsteps-Liberty Cut","2022-04-05"," % cod end filled: 0%"
"169",7125,12123,"LAMOPE06-STAI-14DEC2022","13:07","",NA,38.309053,NA,121.667451,NA,3.9,NA,NA," 2= against flow","2. Partial twist; snag; or tear","Boat",NA,NA,NA,"LAMOPE",332.7,"Stairsteps-Liberty Cut","2022-12-14"," gps 5 accuracy 4m; paired n; a lot of sav; hard to get secchi. code 2 - deep. dominant vegetation in sample: egeria; hyancinth"
"170",7195,12195,"LAMOPE06-TULE-21NOV2022","10:44","",NA,38.121528,NA,121.982824,NA,2.9,NA,NA," 2= against flow","1. No twists; snags; or tears","Boat",NA,NA,NA,"LAMOPE",280.81804009311,"Tule Red","2022-11-21"," gps 5; accuracy 2m. not paired "
"171",7136,12134,"LAMOPE06-TULE-29DEC2022","09:41","",NA,38.133984,NA,121.994191,NA,1,NA,NA," 2= against flow","1. No twists; snags; or tears","Boat",NA,NA,NA,"LAMOPE",107.56568890144,"Tule Red","2022-12-29"," gps#5; accuracy 3m; not paired; no catch; gearid lam03"
"172",7152,12153,"LAMOPE06-WING-21DEC2022","10:30","",NA,38.221112,NA,122.035137,NA,1.1,NA,NA," 2= against flow","1. No twists; snags; or tears","Boat",NA,NA,NA,"LAMOPE",118.217730722742,"Wings Landing","2022-12-21"," depth using secchi. gps 5; accuracy 2m. not paired."
"173",7208,12210,"LAMOPE06-WING-22NOV2022","11:16","",NA,38.220285,NA,122.032648,NA,0.9,NA,NA," ","1. No twists; snags; or tears","Boat",NA,NA,NA,"LAMOPE",96.7432585221664,"Wings Landing","2022-11-22"," gps 5; accuracy 3m. not paired. grass shrimp: rostrum broken"
"174",6415,10955,"LAMOPE06-WING-27APR2022","13:23","",NA,38.216204,NA,122.035502,NA,2,NA,NA," 2= against flow","1. No twists; snags; or tears","Boat",NA,NA,NA,"LAMOPE",206.41862200576,"Wings Landing","2022-04-27"," gps #6 accuracy 3m"
"175",7107,12106,"LAMOPE06-WINT-05DEC2022","11:14","",NA,38.051653,NA,121.850913,NA,1.3,NA,NA," 2= against flow","1. No twists; snags; or tears","Boat",NA,NA,NA,"LAMOPE",139.010648691434,"Winter Island","2022-12-05"," gps 5 accuracy 3m; paired n"
"176",6043,10300,"LAMOPE06-WINT-11APR2022","11:08","",NA,38.043757,NA,121.846583,NA,2.6,NA,NA," 2= against flow","1. No twists; snags; or tears","Boat",NA,NA,NA,"LAMOPE",257.551731085734,"Winter Island","2022-04-11"," no veg in net"
"177",7176,12177,"LAMOPE06-WINT-17NOV2022","11:03","",NA,38.040393,NA,121.845502,NA,2.3,NA,NA," 2= against flow","1. No twists; snags; or tears","Boat",NA,NA,NA,"LAMOPE",232.751925056618,"Winter Island","2022-11-17"," gps 5; accuracy 2. not paired"
"178",7137,12135,"LAMOPE06-WTIB-15DEC2022","14:15","",NA,38.094402,NA,121.5816,NA,3.8,NA,NA," 2= against flow","2. Partial twist; snag; or tear","Boat",NA,NA,NA,"LAMOPE",332.7,"Webb Tract Islands and Berms","2022-12-15"," gps 5 accuracy 2m; paired n; secchi - thick veg; possible it was swallowed by veg. code 2 - cod end full of mud washed out in water before bringing onboard; chance that any smaller fish could have been lost but cant confirm"
"179",7222,12224,"LAMOPE06-WTIB-30NOV2022","14:53","",NA,38.0961,NA,121.587181,NA,3.5,NA,NA," 2= against flow","1. No twists; snags; or tears","Boat",NA,NA,NA,"LAMOPE",322.75016704264,"Webb Tract Islands and Berms","2022-11-30"," gps 5; accuracy 2. not paired. dominant vegetation in net: egeden; hyacinth"
"180",7153,12154,"LAMOPE07-ARNO-21DEC2022","11:44","",NA,38.178305,NA,121.901662,NA,1.4,NA,NA," 2= against flow","1. No twists; snags; or tears","Boat",NA,NA,NA,"LAMOPE",149.151524838822,"Arnold Slough","2022-12-21"," depth using secchi. dominant vegetation in net: filalg. gps 5; accuracy 3m. not paired. noticed hole (1ft diameter) during payout of net; marked with yellow tape."
"181",7209,12211,"LAMOPE07-ARNO-22NOV2022","12:35","",NA,38.18192,NA,121.899564,NA,1,NA,NA," 1= with flow","2. Partial twist; snag; or tear","Boat",NA,NA,NA,"LAMOPE",107.56568890144,"Arnold Slough","2022-11-22"," gps 5; accuracy 2m. not paired. code 2 - with tide but very little flow"
"182",7108,12107,"LAMOPE07-BROW-05DEC2022","12:01","",NA,38.040164,NA,121.858462,NA,1.5,NA,NA," 2= against flow","2. Partial twist; snag; or tear","Boat",NA,NA,NA,"LAMOPE",159.12201242824,"Browns Island","2022-12-05"," cod end filled with detritus; code 2 - had to rinse net over side of boat because net was filled with detritus; may have lost some fish. dominant vegetation in sample: ulva; myrspi; gps 5 accuracy 2m; paired n"
"183",7181,12181,"LAMOPE07-BROW-17NOV2022","11:26","",NA,38.03289,NA,121.86383,NA,1.9,NA,NA," 2= against flow","1. No twists; snags; or tears","Boat",NA,NA,NA,"LAMOPE",197.300077206198,"Browns Island","2022-11-17"," gps 5; accuracy 2m. not paired. "
"184",6702,11541,"LAMOPE07-BROW-18MAY2022","10:39","",NA,38.032748,NA,121.855502,NA,2.7,NA,NA," 2= against flow","1. No twists; snags; or tears","Boat",NA,NA,NA,"LAMOPE",265.477555979498,"Browns Island","2022-05-18"," gps 6 accuracy 3m; brow-04-2022"
"185",7139,12137,"LAMOPE07-GRIZ-29DEC2022","10:02","",NA,38.116031,NA,121.994876,NA,2.4,NA,NA," 2= against flow","1. No twists; snags; or tears","Boat",NA,NA,NA,"LAMOPE",241.188915624294,"Grizzly Bay","2022-12-29"," gps #5; accuracy 3m; not paired; gearid lam03"
"186",7196,12196,"LAMOPE07-RYER-21NOV2022","11:20","",NA,38.081056,NA,122.017586,NA,2.3,NA,NA," 2= against flow","1. No twists; snags; or tears","Boat",NA,NA,NA,"LAMOPE",232.751925056618,"Ryer Island","2022-11-21"," gps 5; accuracy 2m. not paired. "
"187",6407,10947,"LAMOPE07-RYER-25APR2022","11:25","",NA,38.0792,NA,122.01543,NA,2.3,NA,NA," 2= against flow","1. No twists; snags; or tears","Boat",NA,NA,NA,"LAMOPE",232.751925056618,"Ryer Island","2022-04-25"," "
"188",6659,11481,"LAMOPE07-STAC-05MAY2022","12:29","",NA,38.094672,NA,121.582474,NA,3.7,NA,NA," 2= against flow","1. No twists; snags; or tears","Boat",NA,NA,NA,"LAMOPE",332.7,"Webb Tract Island and Berms","2022-05-05"," gps 6 accuracy 3m; dominant veg potcri 1-33%"
"189",6651,11473,"LAMOPE07-STAI-04MAY2022","11:44","",NA,38.315324,NA,121.667464,NA,3.4,NA,NA," 2= against flow","2. Partial twist; snag; or tear","Boat",NA,NA,NA,"LAMOPE",316.187450612646,"Stairsteps-Liberty Cut","2022-05-04"," paired? n"
"190",6045,10302,"LAMOPE07-STAI-05APR2022","13:11","",NA,38.328954,NA,121.678844,NA,3.9,NA,NA," 2= against flow","1. No twists; snags; or tears","Boat",NA,NA,NA,"LAMOPE",332.7,"Stairsteps-Liberty Cut","2022-04-05"," stai_04_2022. % cod end filled: 0%"
"191",6712,11551,"LAMOPE07-WING-25MAY2022","12:25","",NA,38.224849,NA,122.037337,NA,0.9,NA,NA," 2= against flow","1. No twists; snags; or tears","Boat",NA,NA,NA,"LAMOPE",96.7432585221664,"Wings Landing","2022-05-25"," gearid lam03; paired n; gps 6 accuracy 5m; dominant veg in net: sheetalg; phraus; filalg 1-33%; yelgob @ 21mm"
"192",6416,10956,"LAMOPE07-WING-27APR2022","13:43","",NA,38.21815,NA,122.032644,NA,1.4,NA,NA," 2= against flow","1. No twists; snags; or tears","Boat",NA,NA,NA,"LAMOPE",149.151524838822,"Wings Landing","2022-04-27"," gps #6 accuracy 3m"
"193",7138,12136,"LAMOPE07-WTIB-15DEC2022","14:35","",NA,38.094323,NA,121.585876,NA,5.4,NA,NA," 2= against flow","2. Partial twist; snag; or tear","Boat",NA,NA,NA,"LAMOPE",332.7,"Webb Tract Islands and Berms","2022-12-15"," gps 5 accuracy 2m; paired n; code 2 - depth. dominant vegetation in net: egeria"
"194",7223,12225,"LAMOPE07-WTIB-30NOV2022","15:09","",NA,38.096435,NA,121.589317,NA,1.4,NA,NA," 2= against flow","1. No twists; snags; or tears","Boat",NA,NA,NA,"LAMOPE",149.151524838822,"Webb Tract Islands and Berms","2022-11-30"," gps 5; accuracy 2m. not paired; dominant vegetation in net: hyacinth; egeden; myrspi"
"195",7154,12155,"LAMOPE08-ARNO-21DEC2022","11:59","",NA,38.175738,NA,121.903442,NA,1.5,NA,NA," 2= against flow","2. Partial twist; snag; or tear","Boat",NA,NA,NA,"LAMOPE",159.12201242824,"Arnold Slough","2022-12-21"," gps 5; accuracy 3m. not paired. dominant vegetation in net: filalg. lots of filalg at mouth of cod end that took about 10 seconds to clear and pull out of water."
"196",7210,12212,"LAMOPE08-ARNO-22NOV2022","12:59","",NA,38.182005,NA,121.90175,NA,1.3,NA,NA," 2= against flow","1. No twists; snags; or tears","Boat",NA,NA,NA,"LAMOPE",139.010648691434,"Arnold Slough","2022-11-22"," gps 5; accuracy 3m. not paired. dominant vegetation in net: filalg; ulva spp. ; not really any current. kilspp - uncertain if mosqui or killifish but looks more like killspp"
"197",6703,11542,"LAMOPE08-BROA-18MAY2022","11:17","",NA,38.03479,NA,121.840605,NA,3,NA,NA," 2= against flow","1. No twists; snags; or tears","Boat",NA,NA,NA,"LAMOPE",288.23269931296,"Broad Slough","2022-05-18"," gps 6 accuracy 3m"
"198",7109,12108,"LAMOPE08-BROW-05DEC2022","12:26","",NA,38.039669,NA,121.855788,NA,1.8,NA,NA," 2= against flow","2. Partial twist; snag; or tear","Boat",NA,NA,NA,"LAMOPE",188.011143848666,"Browns Island","2022-12-05"," cod end filled with detritus; had to rinse/shake out net to remove/filter out detritus before lifting it into boat; no vegetation. missil @ 67 = dead (#8); gps 5 accuracy 3m; paired n"
"199",7182,12182,"LAMOPE08-BROW-17NOV2022","11:47","",NA,38.040992,NA,121.87373,NA,1.3,NA,NA," 2= against flow","2. Partial twist; snag; or tear","Boat",NA,NA,NA,"LAMOPE",139.010648691434,"Browns Island","2022-11-17"," gps 5; accuracy 2m. not paired. seine code 2: narrow net retrieval. cod end = 15% detritus"
"200",7140,12141,"LAMOPE08-GRIZ-29DEC2022","10:13","",NA,38.118933,NA,121.995954,NA,2.3,NA,NA," 2= against flow","1. No twists; snags; or tears","Boat",NA,NA,NA,"LAMOPE",232.751925056618,"Grizzly Bay","2022-12-29"," gearid lam03; gps 5 accuracy 3m; paired n"
"201",6041,10299,"LAMOPE08-LIBE-05APR2022","14:16","",NA,38.248457,NA,121.68236,NA,1.6,NA,NA," 3= unknown","1. No twists; snags; or tears","Boat",NA,NA,NA,"LAMOPE",168.922111459686,"Liberty Island","2022-04-05"," % cod end filled: 1-33% "
"202",7197,12197,"LAMOPE08-RYER-21NOV2022","11:38","",NA,38.083636,NA,122.010269,NA,1.8,NA,NA," 2= against flow","1. No twists; snags; or tears","Boat",NA,NA,NA,"LAMOPE",188.011143848666,"Ryer Island","2022-11-21"," gps 5; accuracy 2m. not paired."
"203",6652,11474,"LAMOPE08-STAI-04MAY2022","11:57","",NA,38.307274,NA,121.66695,NA,3.8,NA,NA," 2= against flow","1. No twists; snags; or tears","Boat",NA,NA,NA,"LAMOPE",332.7,"Stairsteps-Liberty Cut","2022-05-04"," gps 6 accuracy 3m"
"204",6713,11552,"LAMOPE08-WING-25MAY2022","12:48","",NA,38.223859,NA,122.041066,NA,0.8,NA,NA," 2= against flow","1. No twists; snags; or tears","Boat",NA,NA,NA,"LAMOPE",85.7504395849216,"Wings Landing","2022-05-25"," gearid lam03; paired n; gps 6 accuracy 4m; dominant veg in net sheetalg 1-33%; not a random site; dmc230518: exopael written in datasheet but no count recorded. sheetalg = ulvspp"
"205",6417,10957,"LAMOPE08-WING-27APR2022","14:15","",NA,38.224968,NA,122.037732,NA,1.3,NA,NA," 2= against flow","1. No twists; snags; or tears","Boat",NA,NA,NA,"LAMOPE",139.010648691434,"Wings Landing","2022-04-27"," gps #6 accuracy 3m"
"206",7155,12156,"LAMOPE09-ARNO-21DEC2022","12:23","",NA,38.176481,NA,121.907443,NA,2.4,NA,NA," ","1. No twists; snags; or tears","Boat",NA,NA,NA,"LAMOPE",241.188915624294,"Arnold Slough","2022-12-21"," gps 5; accuracy 2m. not paired. dominant vegetation in net: filalg"
"207",7211,12213,"LAMOPE09-ARNO-22NOV2022","13:32","",NA,38.179893,NA,121.905542,NA,1.1,NA,NA," ","1. No twists; snags; or tears","Boat",NA,NA,NA,"LAMOPE",118.217730722742,"Arnold Slough","2022-11-22"," gps 5; accuracy 2m. not paired. dominant vegetation in net: filalg. "
"208",6704,11543,"LAMOPE09-BROA-18MAY2022","11:32","",NA,38.039278,NA,121.844346,NA,2.9,NA,NA," 2= against flow","1. No twists; snags; or tears","Boat",NA,NA,NA,"LAMOPE",280.81804009311,"Broad Slough","2022-05-18"," broa-07-2022"
"209",7110,12109,"LAMOPE09-BROW-05DEC2022","13:08","",NA,38.03873,NA,121.869551,NA,4,NA,NA," 2= against flow","2. Partial twist; snag; or tear","Boat",NA,NA,NA,"LAMOPE",332.7,"Browns Island","2022-12-05"," code 2 - depth"
"210",7183,12183,"LAMOPE09-BROW-17NOV2022","12:24","",NA,38.038784,NA,121.866509,NA,3.7,NA,NA," 2= against flow","2. Partial twist; snag; or tear","Boat",NA,NA,NA,"LAMOPE",332.7,"Browns Island","2022-11-17"," narrow: a lot of section is deep"
"211",7141,12142,"LAMOPE09-GRIZ-29DEC2022","10:30","",NA,38.131523,NA,122.011414,NA,2.1,NA,NA," 2= against flow","1. No twists; snags; or tears","Boat",NA,NA,NA,"LAMOPE",215.36677824735,"Grizzly Bay","2022-12-29"," no catch; gearid lam03; gps 5 accuracy 3m"
"212",6653,11475,"LAMOPE09-LIBE-04MAY2022","12:37","",NA,38.28233,NA,121.682287,NA,1.2,NA,NA," 2= against flow","1. No twists; snags; or tears","Boat",NA,NA,NA,"LAMOPE",128.699383986074,"Liberty Island","2022-05-04"," gps 6 accuracy 3m; veg in net: altphi; filalg; myraqu 1-33%"
"213",7198,12198,"LAMOPE09-RYER-21NOV2022","11:55","",NA,38.083504,NA,122.007424,NA,1.5,NA,NA," 2= against flow","1. No twists; snags; or tears","Boat",NA,NA,NA,"LAMOPE",159.12201242824,"Ryer Island","2022-11-21"," gps 5; accuracy 3m. not paired."
"214",6714,11553,"LAMOPE09-WING-25MAY2022","13:12","",NA,38.21954,NA,122.038529,NA,0.7,NA,NA," 2= against flow","1. No twists; snags; or tears","Boat",NA,NA,NA,"LAMOPE",74.5872320897056,"Wings Landing","2022-05-25"," gearid lam03; paired n; gps 6 accuracy 3m; possible yelgob @ 16mm; 21mm; 17mm; 17mm; 20mm; 19mm; 22mm; 17mm; unid @17mm; cod end full of detritus 34-66%"
"215",6705,11544,"LAMOPE10-BROA-18MAY2022","11:50","",NA,38.048462,NA,121.847664,NA,2,NA,NA," 2= against flow","1. No twists; snags; or tears","Boat",NA,NA,NA,"LAMOPE",206.41862200576,"Broad Slough","2022-05-18"," gps 6 accuracy 3m; broa-06-2022; hole in net; "
"216",7184,12184,"LAMOPE10-CHIP-17NOV2022","12:57","",NA,38.055106,NA,121.932618,NA,3.5,NA,NA," 2= against flow","1. No twists; snags; or tears","Boat",NA,NA,NA,"LAMOPE",322.75016704264,"Chipps Island","2022-11-17"," gps 5; accuracy 2m. bryozoan in net"
"217",6654,11476,"LAMOPE10-LIBE-04MAY2022","12:59","",NA,38.268552,NA,121.687758,NA,1.5,NA,NA," 2= against flow","1. No twists; snags; or tears","Boat",NA,NA,NA,"LAMOPE",159.12201242824,"Liberty Island","2022-05-04"," gps 6 accuracy 3m; dominant veg in net filalg 1-33%; priscu 19mm & 19mm"
"218",7156,12157,"LAMOPE10-NURS-21DEC2022","12:42","",NA,38.183407,NA,121.902863,NA,3.1,NA,NA," 2= against flow","1. No twists; snags; or tears","Boat",NA,NA,NA,"LAMOPE",295.476969974838,"Nurse-Denverton","2022-12-21"," gps 5; accuracy 3m. not paired. "
"219",7199,12199,"LAMOPE10-NURS-21NOV2022","13:03","",NA,38.184871,NA,121.928606,NA,1.9,NA,NA," 2= against flow","1. No twists; snags; or tears","Boat",NA,NA,NA,"LAMOPE",197.300077206198,"Nurse-Denverton","2022-11-21"," gps 5; accuracy 2m. not paired. dominant vegetation in net: tule califo. duck foot in net"
"220",6715,11554,"LAMOPE10-PEYT-25MAY2022","14:05","",NA,38.226163,NA,122.04035,NA,2.1,NA,NA," 2= against flow","1. No twists; snags; or tears","Boat",NA,NA,NA,"LAMOPE",215.36677824735,"Peytonia-Suisun","2022-05-25"," gearid lam03; paired n; gps 6 accuracy 3m"
"221",7185,12185,"LAMOPE11-CHIP-17NOV2022","13:17","",NA,38.057572,NA,121.921706,NA,2.3,NA,NA," 2= against flow","1. No twists; snags; or tears","Boat",NA,NA,NA,"LAMOPE",232.751925056618,"Chipps Island","2022-11-17"," gps 5; accuracy 2m. not piared. "
"222",7157,12158,"LAMOPE11-NURS-21DEC2022","12:59","",NA,38.180085,NA,121.921148,NA,1.7,NA,NA," 2= against flow","1. No twists; snags; or tears","Boat",NA,NA,NA,"LAMOPE",178.551821933162,"Nurse-Denverton","2022-12-21"," gps 5; accuracy 3m. not paired. "
"223",6716,11555,"LAMOPE11-PEYT-25MAY2022","14:24","",NA,38.220169,NA,122.031683,NA,0.8,NA,NA," 2= against flow","1. No twists; snags; or tears","Boat",NA,NA,NA,"LAMOPE",85.7504395849216,"Peytonia-Suisun","2022-05-25"," gearid lam03; paired n; gps 6 accuracy 3m; through tules"
"224",7186,12186,"LAMOPE12-HONK-17NOV2022","13:31","",NA,38.065259,NA,121.93021,NA,2.3,NA,NA," 2= against flow","1. No twists; snags; or tears","Boat",NA,NA,NA,"LAMOPE",232.751925056618,"Honker-Spoonbill","2022-11-17"," "
"225",7158,12159,"LAMOPE12-NURS-21DEC2022","13:15","",NA,38.195519,NA,121.912607,NA,2.2,NA,NA," 2= against flow","1. No twists; snags; or tears","Boat",NA,NA,NA,"LAMOPE",224.14454593097,"Nurse-Denverton","2022-12-21"," gps 5; accuracy 2m. not paired. splittail caught in wing (gilled). mudcrab found on deck."
"226",7201,12201,"LAMOPE12-NURS-21NOV2022","13:35","",NA,38.197995,NA,121.920481,NA,2.3,NA,NA," 2= against flow","1. No twists; snags; or tears","Boat",NA,NA,NA,"LAMOPE",232.751925056618,"Nurse-Denverton","2022-11-21"," gps 5; accuracy 2m. not paired."
"227",6717,11556,"LAMOPE12-PEYT-25MAY2022","14:44","",NA,38.207498,NA,122.032986,NA,0.7,NA,NA," 2= against flow","2. Partial twist; snag; or tear","Boat",NA,NA,NA,"LAMOPE",74.5872320897056,"Peytonia-Suisun","2022-05-25"," gps 6 accuracy 3m; code 2 - deployed weird"
"228",7187,12187,"LAMOPE13-HONK-17NOV2022","13:46","",NA,38.077629,NA,121.918252,NA,2,NA,NA," 2= against flow","1. No twists; snags; or tears","Boat",NA,NA,NA,"LAMOPE",206.41862200576,"Honker-Spoonbill","2022-11-17"," "
"229",7202,12202,"LAMOPE13-NURS-21NOV2022","13:53","",NA,38.196199,NA,121.913549,NA,2.5,NA,NA," 2= against flow","1. No twists; snags; or tears","Boat",NA,NA,NA,"LAMOPE",249.455517634,"Nurse-Denverton","2022-11-21"," "
"230",7188,12188,"LAMOPE14-CHIP-17NOV2022","14:07","",NA,38.070778,NA,121.913576,NA,2,NA,NA," 2= against flow","1. No twists; snags; or tears","Boat",NA,NA,NA,"LAMOPE",206.41862200576,"Chipps Island","2022-11-17"," gps 5; accuracy 2m. not paired. dominant vegetation in net: stupec; egeden."
"231",7189,12189,"LAMOPE15-HONK-17NOV2022","14:28","",NA,38.058263,NA,121.902571,NA,4.2,NA,NA," 2= against flow","2. Partial twist; snag; or tear","Boat",NA,NA,NA,"LAMOPE",332.7,"Honker-Spoonbill","2022-11-17"," gps 5; accuracy 2m. not paired. dominant vegetation in net: egeden. code 2 too deep; orishr not 100% on id; forgot to check for gastric spine"
"232",7063,12063,"OTTTRA01-RYER-06OCT2022","08:05","08:16",10,38.080503,38.076916,122.017539,122.013923,1.6,664535,689300," 2= against flow","1. No twists; snags; or tears","",4,NA,NA,"OTTTRA",1829.9477625,"Ryer Island","2022-10-06"," seine code 1"
"233",7021,12021,"OTTTRA01-WTIB-03OCT2022","08:30","08:40",10,38.093319,38.094396,121.580124,121.587584,7.5,207168,237195," 2= against flow","1. No twists; snags; or tears","",32,NA,NA,"OTTTRA",2218.7700975,"Webb Tract Island and Berms","2022-10-03"," paired? n seine code 1"
"234",7042,12042,"OTTTRA02-HONK-05OCT2022","08:35","08:45",8.8,38.061215,38.064778,121.908448,121.910798,5.5,542272,569388," 2= against flow","1. No twists; snags; or tears","",20,NA,NA,"OTTTRA",2003.66903,"Honker-Spoonbill","2022-10-05"," 8 min 50 sec; pondweed veg (see picture)- southern naiad confirmed by shruti; seine code 1"
"235",7081,12081,"OTTTRA02-RYER-06OCT2022","08:46","08:56",10,38.08621,38.086554,122.017534,122.023846,1.8,689299,715636," 2= against flow","1. No twists; snags; or tears","",6,NA,NA,"OTTTRA",1946.1067725,"Ryer Island","2022-10-06"," pond weed same as yesterday; dominant vegetation in sample: pond weed; clam unid brought back; id lab; tag frp0004;  seine code 1"
"236",7022,12022,"OTTTRA02-WTIB-03OCT2022","09:13","09:21",8,38.093548,38.09533,121.578889,121.583804,7,237204,266303," 2= against flow","2. Partial twist; snag; or tear","",28,NA,NA,"OTTTRA",2150.1978575,"Webb Tract Island and Berms","2022-10-03"," net looked funky at end; pulled; one of the lines got clipped into the other boards line; looked good 95% of trawl - code 2; dominant vegetation in net: egeden seine code 2"
"237",7043,12043,"OTTTRA03-HONK-05OCT2022","09:12","09:22",10,38.054715,38.057705,121.894713,121.898992,5.2,569387,601440," 2= against flow","1. No twists; snags; or tears","",17,NA,NA,"OTTTRA",2368.4763025,"Honker-Spoonbill","2022-10-05"," bryozoans in sample (not magnificient); dominant vegetation in net: ulvaspp; pondweed- naiad; egeden; seine code 1"
"238",7082,12082,"OTTTRA03-RYER-06OCT2022","09:19","09:27",7,38.08181,38.081287,122.013948,122.017384,1.5,715636,733773," 2= against flow","1. No twists; snags; or tears","",6,NA,NA,"OTTTRA",1340.1882725,"Ryer Island","2022-10-06"," dominant vegetation in sample: pond weed; trawl only 7 mins because water was too shallow. seine code 1"
"239",7023,12023,"OTTTRA03-WTIB-03OCT2022","09:45","09:55",10,38.095128,38.09583,121.58287,121.585267,7.9,266302,290790," 2= against flow","1. No twists; snags; or tears","",28,NA,NA,"OTTTRA",1809.47954,"Webb Tract Island and Berms","2022-10-03"," dominant vegetation in net:egeden seine code 1"
"240",7044,12044,"OTTTRA04-CHIP-05OCT2022","09:59","10:09",10,38.061911,38.066077,121.909987,121.912391,1.8,601435,625741," 2= against flow","1. No twists; snags; or tears","",6,NA,NA,"OTTTRA",1796.031105,"Chipps Island","2022-10-05"," seine code 1"
"241",7083,12083,"OTTTRA04-GRIZ-06OCT2022","10:02","10:12",10,38.113568,38.109287,122.015692,122.01924,2,733772,760278," 2= against flow","1. No twists; snags; or tears","",8,NA,NA,"OTTTRA",1958.594605,"Grizzly Bay","2022-10-06"," seine code 1"
"242",7024,12024,"OTTTRA04-HORS-03OCT2022","11:12","11:22",10,38.10133,38.09689,121.709022,121.708784,8,290756,316481," 2= against flow","1. No twists; snags; or tears","",32,NA,NA,"OTTTRA",1900.8845625,"Horseshoe Bend","2022-10-03"," dominant vegetation in net: egeden; line out= 32 seine code 1"
"243",7045,12045,"OTTTRA05-CHIP-05OCT2022","10:34","10:43",9,38.065927,38.069101,121.912319,121.912904,1.8,625735,644936," 2= against flow","1. No twists; snags; or tears","",7,NA,NA,"OTTTRA",1418.8098925,"Chipps Island","2022-10-05"," length of trawl 6.5 m. 9 min tow; cutshort due to snag and pulled immediately; seine code 1"
"244",7084,12084,"OTTTRA05-GRIZ-06OCT2022","10:29","10:39",10,38.120666,38.119734,122.023267,122.029291,2.1,760279,783782," 2= against flow","1. No twists; snags; or tears","",8,NA,NA,"OTTTRA",1736.6954275,"Grizzly Bay","2022-10-06"," seine code 1"
"245",7025,12026,"OTTTRA05-HORS-03OCT2022","11:50","12:00",10,38.091663,38.08847,121.708881,121.709538,3.8,316532,334961," 2= against flow","1. No twists; snags; or tears","",16,NA,NA,"OTTTRA",1361.7648825,"Horseshoe Bend","2022-10-03"," seine code 1"
"246",7053,12053,"OTTTRA06-BROW-04OCT2022","10:16","10:21",5,38.037181,38.039802,121.873824,121.873689,1,413410,426150," 2= against flow","1. No twists; snags; or tears","",4,NA,NA,"OTTTRA",941.39045,"Browns Island","2022-10-04"," plant - eurasian water milfoil. seine code 1"
"247",7085,12085,"OTTTRA06-GRIZ-06OCT2022","11:02","11:12",10,38.1306,38.127857,122.003879,122.00913,1.8,783736,805492," 2= against flow","1. No twists; snags; or tears","",8,NA,NA,"OTTTRA",1607.60523,"Grizzly Bay","2022-10-06"," +1 striped bass; fell out of net; seine code 1"
"248",7046,12046,"OTTTRA06-HONK-05OCT2022","11:08","11:18",10,38.070347,38.06967,121.920342,121.92518,2.3,644934,662000," 2= against flow","1. No twists; snags; or tears","",9,NA,NA,"OTTTRA",1261.049405,"Honker-Spoonbill","2022-10-05"," dominant vegetation in net stupec; seine code 1"
"249",7054,12054,"OTTTRA07-BROW-04OCT2022","11:07","11:10",3,38.032619,38.033761,121.858735,121.856978,0.9,426147,435041," 2= against flow","1. No twists; snags; or tears","",4,NA,NA,"OTTTRA",657.199895,"Browns Island","2022-10-04"," 3 min 23 seconds; seine code 1"
"250",7086,12086,"OTTTRA07-TULE-06OCT2022","11:43","11:53",10,38.12228,38.126906,121.983208,121.98727,1.8,805492,833407," 2= against flow","1. No twists; snags; or tears","",8,NA,NA,"OTTTRA",2062.7091375,"Tule Red","2022-10-06"," dominant vegetation in sample: pond weed; seine code 1"
"251",7087,12087,"OTTTRA08-TULE-06OCT2022","12:04","12:09",5,38.127598,38.129836,121.987117,121.988825,2,833043,846768," 2= against flow","1. No twists; snags; or tears","",8,NA,NA,"OTTTRA",1014.1745625,"Tule Red","2022-10-06"," seine code 1"
"252",7055,12055,"OTTTRA08-WINT-04OCT2022","11:37","11:43",6,38.032994,38.030963,121.843398,121.84218,2,435042,447588," 2= against flow","2. Partial twist; snag; or tear","",4,NA,NA,"OTTTRA",927.055305,"Winter Island","2022-10-04"," not enough rope out off the bottom portion of the trawl; peat in cod end; no live veg; seine code 2"
"253",7088,12088,"OTTTRA09-TULE-06OCT2022","12:20","12:30",10,38.130337,38.133976,121.989188,121.993852,2,846768,875578," 2= against flow","1. No twists; snags; or tears","",8,NA,NA,"OTTTRA",2128.842925,"Tule Red","2022-10-06"," seine code 1"
"254",7056,12056,"OTTTRA09-WINT-04OCT2022","12:14","12:24",10,38.039349,38.045171,121.845092,121.847013,2.3,447618,475969," 2= against flow","1. No twists; snags; or tears","",9,NA,NA,"OTTTRA",2094.9262675,"Winter Island","2022-10-04"," seine code 1"
"255",7058,12058,"OTTTRA11-BROA-04OCT2022","14:00","14:05",5,38.047563,38.050967,121.847187,121.84833,4.5,489637,503015," 2= against flow","1. No twists; snags; or tears","",17,NA,NA,"OTTTRA",988.533865,"Broad Slough","2022-10-04"," dominant vegetation in net: cerdem; seine code 1"
"256",7059,12059,"OTTTRA12-BROA-04OCT2022","14:23","14:28",5,38.043286,38.046602,121.845799,121.846792,4.2,503016,516216," 2= against flow","1. No twists; snags; or tears","",17,NA,NA,"OTTTRA",975.381,"Broad Slough","2022-10-04"," seine code 1"
