"","OrganismId","SampleID_key","VisitNo","SampleID_frp","QAQC.x","GearType","GearTypeAbbreviation","Habitat","SeineCode","TowDirection","HabitatMorphology","DepthOfWater","CableOut","LengthOfTrawl","Width","Netter","StartTime","EndTime","Duration","PercentOpen","DepthOfSample","LatitudeStart","LongitudeStart","LatitudeEnd","LongitudeEnd","NetMeterSerial","NetMeterStart","NetMeterEnd","Volts","DutyCycle","Amps","PulseRate","VolumeEstimated","SeineDeploymentType","GearDetail","Silt","Sand","Gravel","Cobble","Boulder","Organics","MassOfStandardLow","MassOfStandardHigh","QuestionableData.x","VegetationInSample","FlowType","DragMethod","NetNumber","CodEnd","CodEndPercent","GpsUnit","GpsAccuracy","DepthSource","Comments","Flagged_Data","QAQC.y","Boat","Crew","Location","Visit.Date","Station","Weather","WindWaves","WindDirection","Tide","Secchi","SurfTemp","DO","SC","pH","Turbidity","Phycocyanin","Chlorophyll","FDOM","Microcystis","SondeNo","Wetland","DataQuality","QuestionableData.y","SiteComments","Visit.Date2","year","month","DateTime","Season","FishId","TotalCatch","PlusCount","IDer","IdDate","PercentSampled","FishCatchNotes","EntryOrder","FishLength","FishWeight","Hai","FinsHai","SkinHai","EyesHai","ParasiteHai","GillsHai","DeformHai","TagYear","TagSerial","AdClip","Mortality","FishLengthComments","OrganismCode","FishCode","Code_UCDAVIS","Code_YBFM","CommonName","Category","Species","Genus","Family","Order","Class","Phylum","Native","State.Status","Federal.Status","Status.Abrev","LifeStage","FishDiet","Legend_Clams","Legend_Fish_Color_hex","Legend_Fish","Legend_Macro","Legend_Meso","Analy","Analy2","CN"
"1",81,13052,7860,"MAC21-GRIZ-18APR2023","true","Trawl","MAC",""," "," 2= against flow"," Channel",1.5,NA,NA,NA,"","14:47","14:57",10,NA,NA,38.133931,121.995824,38.137049,121.989704,31511,533115,555674,NA,NA,NA,NA,NA," "," ",NA,NA,NA,NA,NA,NA,NA,NA," false"," false"," 1.Surface","1.Boat","5",5," "," Garmin 6",NA," "," MAC21-GRIZ-18APR2023 has osmerids in sample. ",NA,"true","Mudsucker","AC;ED;GU;AM","Grizzly Bay","04/18/2023","GRIZ-UNK","1=0-33% clouds","2= wind 4-7 mph; small wavelets"," SW"," 2=ebb",15,14.3,10.12,344,7.9,102.7,0.49,1.63,6.4," 1=absent",2," Inside",NA," false"," Guest=Anthony Eias-Linarez. ",2023-04-18,2023,4,"2023-04-18 14:47","Spring",15104,1,0,"","",NA,"",29164,52,NA,"true",0,0,0,0,0,0,2023,"FRP23-545","false","false","","921","CHISAL","CS","CHN","Chinook Salmon (run unk)","Fish","tshawytscha","Oncorhynchus","Salmonidae","Salmoniformes","Actinopterygii","Chordata","Native","","","","",FALSE,"Present",NA,"Chinook Salmon (run unk)","Fish Larvae","Fish Larvae","fish","fish","Chinook Salmon (run unk)"
"2",125,13112,7879,"MAC21-FLYW-27APR2023","true","Trawl","MAC",""," "," 2= against flow"," Channel",1.2,NA,NA,NA,"","11:23","11:28",5,NA,NA,38.360976,121.643051,38.360859,121.645489,31506,292593,293669,NA,NA,NA,NA,NA," "," ",NA,NA,NA,NA,NA,NA,NA,NA," false"," true"," 1.Surface","1.Boat","11",11," "," Garmin 5",2," "," not enough distance for 10 min mac trawl. 1 large crayfish removed from mac trawl. ",NA,"true","Mudsucker","BA;AC;DC;ED;AE","Flyway Farms","04/27/2023","FLYW-CH-W","1=0-33% clouds","0=Calm; glassy"," NW"," 1=high slack",53,21.9,6.79,761,9.4,11.2,0.31,1.82,16.4," 1=absent",2," Inside",NA," false"," ",2023-04-27,2023,4,"2023-04-27 11:23","Spring",15121,1,1,"","",NA,"",NA,NA,NA,"",NA,NA,NA,NA,NA,NA,NA,"","","","","171","CRAYFI","RSC","","Crayfish","Fish","","Pacifastacus","Astacidae","Decapoda","Malacostraca","Arthropoda","","","","","adult",FALSE,"Present",NA,"","Decapoda Adult","Decapoda","Decapoda","Decapoda","Crayfish"
"3",125,13501,8095,"FAV12-BROW-16MAY2023","true","MI","FAV",""," "," "," Channel edge",4,NA,NA,NA,"","11:55","",NA,NA,NA,38.038279,121.861682,NA,NA,NA,NA,NA,NA,NA,NA,NA,NA," "," 3",NA,NA,NA,NA,NA,NA,NA,NA," false"," "," ","","",NA," "," Garmin 5",2," "," red crawfish at 9 cm in FAV12 sample (released)",NA,"true","Kvichak","MA;CB;SH;SS","Browns Island","05/16/2023","BROW-CH-MAIN","1=0-33% clouds","1=wind 1-3 mph; scaley ripples"," W"," 4=flood",61,19.1,6.55,657,7,8,0.2,0.95,17.3," 1=absent",2," Inside",NA," false"," ",2023-05-16,2023,5,"2023-05-16 11:55","Spring",15456,1,1,"","",NA,"",NA,NA,NA,"",NA,NA,NA,NA,NA,NA,NA,"","","","","171","CRAYFI","RSC","","Crayfish","Fish","","Pacifastacus","Astacidae","Decapoda","Malacostraca","Arthropoda","","","","","adult",FALSE,"Present",NA,"","Decapoda Adult","Decapoda","Decapoda","Decapoda","Crayfish"
"4",315,12897,7815,"NT23-NURS-03APR2023","true","Trawl","NT",""," "," 2= against flow"," Channel",2.4,NA,NA,NA,"","16:34","16:39",5,NA,NA,38.180559,121.905506,38.182393,121.903033,NA,NA,NA,NA,NA,NA,NA,NA," "," ",NA,NA,NA,NA,NA,NA,NA,NA," false"," false"," 1.Surface","1.Boat","3",NA," "," Garmin 5",2," "," No net ce#",NA,"true","Mudsucker","DC;ED;AM;SS","Nurse-Denverton","04/03/2023","NURS-EXT-BRAD-E","2=33-66% clouds","1=wind 1-3 mph; scaley ripples"," N"," 2=ebb",17,12.8,9.71,1149,7.5,43.7,0.48,1.76,25.9," 1=absent",2," Inside",NA," false"," -",2023-04-03,2023,4,"2023-04-03 16:34","Spring",16615,1,0,"","",NA,"",33881,74,NA,"true",0,0,0,0,0,0,NA,"","false","false","","197","MISSIL","ISS","MSS","Mississippi Silverside","Fish","berryllia","Menidia","Atherinopsidae","Atheriniformes","Actinopterygii","Chordata","Introduced","","","","larvae",FALSE,"Present",NA,"Mississippi Silverside","Fish Larvae","Fish Larvae","fish","fish","Mississippi Silverside"
"5",315,12950,7831,"MAC11-RUSH-12APR2023","true","Trawl","MAC",""," "," 2= against flow"," Channel",0.9,NA,NA,NA,"","08:56","09:01",5.5,NA,NA,38.204612,122.028323,38.204941,122.026411,31506,81950,91469,NA,NA,NA,NA,NA," "," ",NA,NA,NA,NA,NA,NA,NA,NA," false"," false"," 1.Surface","1.Boat","11",11," "," Garmin 5",2," "," Tows stopped at 5 min because channel becomes too shallow. MAC started 30s before NT/Zoop. so starting GPS for MAC is a bit off",NA,"true","Chinook","CB;DNC;SH;GN","Rush Ranch","04/12/2023","RUSH-N","1=0-33% clouds","1=wind 1-3 mph; scaley ripples"," SW"," 2=ebb",14,15.6,7.42,2212,7.5,37.7,0.66,3.02,39.5," 1=absent",2," Inside",NA," false"," ",2023-04-12,2023,4,"2023-04-12 08:56","Spring",15101,1,0,"","",NA,"",29161,58,NA,"true",0,0,0,0,0,0,NA,"","false","false","released in field","197","MISSIL","ISS","MSS","Mississippi Silverside","Fish","berryllia","Menidia","Atherinopsidae","Atheriniformes","Actinopterygii","Chordata","Introduced","","","","larvae",FALSE,"Present",NA,"Mississippi Silverside","Fish Larvae","Fish Larvae","fish","fish","Mississippi Silverside"
"6",315,12957,7833,"MAC12-RUSH-12APR2023","true","Trawl","MAC",""," "," 2= against flow"," Channel",0.8,NA,NA,NA,"","10:39","10:49",10,NA,NA,38.202682,122.029946,38.204581,122.028823,31506,91464,110352,NA,NA,NA,NA,NA," "," ",NA,NA,NA,NA,NA,NA,NA,NA," false"," false"," 1.Surface","1.Boat","11",11," "," Garmin 5",2," "," MAC had a second bottle so it is 2 jars not 1",NA,"true","Chinook","CB;DMC;DNC;SH;GN","Rush Ranch","04/12/2023","RUSH-S","1=0-33% clouds","1=wind 1-3 mph; scaley ripples"," SW"," 2=ebb",17,15.6,7.61,2133,7.7,3.9,0.47,2.49,39.7," 1=absent",2," Inside",NA," false"," ",2023-04-12,2023,4,"2023-04-12 10:39","Spring",15102,1,0,"","",NA,"",29162,59,NA,"true",0,0,0,0,0,0,NA,"","false","false","released in field","197","MISSIL","ISS","MSS","Mississippi Silverside","Fish","berryllia","Menidia","Atherinopsidae","Atheriniformes","Actinopterygii","Chordata","Introduced","","","","larvae",FALSE,"Present",NA,"Mississippi Silverside","Fish Larvae","Fish Larvae","fish","fish","Mississippi Silverside"
"7",506,12968,7835,"MAC13-RUSH-12APR2023","true","Trawl","MAC",""," "," 2= against flow"," Channel",0.9,NA,NA,NA,"","12:18","12:23",5,NA,NA,38.195031,122.032376,38.195701,122.02955,31506,130114,140750,NA,NA,NA,NA,NA," "," ",NA,NA,NA,NA,NA,NA,NA,NA," false"," true"," 1.Surface","1.Boat","11",11," "," Garmin 5",2," "," Larval fish in MAC. ",NA,"true","Chinook","CB;DNC;SH;GN","Rush Ranch","04/12/2023","RUSH-S","1=0-33% clouds","1=wind 1-3 mph; scaley ripples"," SW"," 2=ebb",19,16.4,7.77,2067,7.7,46.2,0.5,2.13,36.2," 1=absent",2," Inside",NA," false"," ",2023-04-12,2023,4,"2023-04-12 12:18","Spring",15103,1,0,"","",NA,"",29163,27,NA,"true",0,0,0,0,0,0,NA,"","false","false","released in field","982","THRSTI","STBK","TSS","Threespine Stickleback","Fish","aculeatus","Gasterosteus","Gasterosteidae","Gasterosteiformes","Actinopterygii","Chordata","Native","","","","",FALSE,"Present",NA,"Threespine Stickleback","Fish Larvae","Fish Larvae","fish","fish","Threespine Stickleback"
"8",1381,13166,7902,"FAV22-WTIB-12APR2023","true","MI","FAV",""," "," "," Channel edge",2.3,NA,NA,NA,"","08:48","",NA,NA,0.5,38.100203,121.58125,NA,NA,NA,NA,NA,NA,NA,NA,NA,NA," "," 3",NA,NA,NA,NA,NA,NA,NA,NA," false"," "," ","","",NA," "," Garmin 6",3," "," ",NA,"true","Mudsucker","MA;ED;GU;AM","Webb Tract Island and Berms","04/12/2023","WTIB-CH-INT","1=0-33% clouds","1=wind 1-3 mph; scaley ripples"," SW"," 1=high slack",69,14.6,9.34,156,7.4,7.5,0.34,0.47,14.4," 1=absent",1," Inside",NA," false"," guest= alec strachan",2023-04-12,2023,4,"2023-04-12 08:48","Spring",15141,1,0,"","",NA,"",29181,32,NA,"true",0,0,0,0,0,0,NA,"","false","false","","110217","KILSPP","","KLF","Killifish spp.","Fish","","Lucania","Cyprinodontidae","Cyprinodontiformes","Osteichthyes","Chordata","Introduced","","","","adult",NA,"",NA,"Killifish spp.","","","","",""
"9",1381,14101,8581,"EAV11-LOWE-06NOV2023","true","MI","EAV",""," "," "," Channel edge",0.8,NA,NA,NA,"","11:28","",NA,NA,0.4,38.346954,121.668281,NA,NA,NA,NA,NA,NA,NA,NA,NA,NA," "," 2",NA,NA,NA,NA,NA,NA,NA,NA," false"," "," ","","",NA," "," ",5," "," 18 stems sampled",NA,"true","SeaArk","DD;SH;GN","Lower Yolo Ranch","11/06/2023","LOWE-UNK","2=33-66% clouds","1=wind 1-3 mph; scaley ripples"," SW"," 4=flood",120,17.3,9.14,240,7.7,3.5,0.17,0.24,11," 1=absent",1," Inside",NA," false"," ",2023-11-06,2023,11,"2023-11-06 11:28","Fall",16534,1,0,"","",NA,"",33659,36,NA,"true",0,0,0,0,0,0,NA,"","false","false","","110217","KILSPP","","KLF","Killifish spp.","Fish","","Lucania","Cyprinodontidae","Cyprinodontiformes","Osteichthyes","Chordata","Introduced","","","","adult",NA,"",NA,"Killifish spp.","","","","",""
