"","SampleID_frp","OrganismCode","OrganismId","SampleID_key","VisitNo","QAQC.x","GearType","GearTypeAbbreviation","Habitat","SeineCode","TowDirection","HabitatMorphology","DepthOfWater","CableOut","LengthOfTrawl","Width","Netter","StartTime","EndTime","Duration","PercentOpen","DepthOfSample","LatitudeStart","LongitudeStart","LatitudeEnd","LongitudeEnd","NetMeterSerial","NetMeterStart","NetMeterEnd","Volts","DutyCycle","Amps","PulseRate","VolumeEstimated","SeineDeploymentType","GearDetail","Silt","Sand","Gravel","Cobble","Boulder","Organics","MassOfStandardLow","MassOfStandardHigh","QuestionableData.x","VegetationInSample","FlowType","DragMethod","NetNumber","CodEnd","CodEndPercent","GpsUnit","GpsAccuracy","DepthSource","Comments","Flagged_Data","QAQC.y","Boat","Crew","Location","Visit.Date","Station","Weather","WindWaves","WindDirection","Tide","Secchi","SurfTemp","DO","SC","pH","Turbidity","Phycocyanin","Chlorophyll","FDOM","Microcystis","SondeNo","Wetland","DataQuality","QuestionableData.y","SiteComments","Visit.Date2","year","month","DateTime","Season","DepthSource2","DepthOfWater2","DepthOfWater3","DepthMeters","volume","rotations","rotation.final","rpm","FishId","TotalCatch","PlusCount","IDer","IdDate","PercentSampled","FishCatchNotes","EntryOrder","FishLength","FishWeight","Hai","FinsHai","SkinHai","EyesHai","ParasiteHai","GillsHai","DeformHai","TagYear","TagSerial","AdClip","Mortality","FishLengthComments","FishCode","Code_UCDAVIS","Code_YBFM","CommonName","Category","Species","Genus","Family","Order","Class","Phylum","Native","State.Status","Federal.Status","Status.Abrev","LifeStage","FishDiet","Legend_Clams","Legend_Fish_Color_hex","Legend_Fish","Legend_Macro","Legend_Meso","Analy","Analy2","CN","length_count","fish4$SampleID_frp","fish4$CommonName","count_check","CPUEbySpp","CPUEbySpp2","tCPUE","PercentComp"
"1","BEASEI02-BRAD-16NOV2023","924",110,13811,8370,"true","Seine","BEASEI","","1. No twists; snags; or tears"," 2= against flow"," ",0.7,NA,15,15,"","09:46","",NA,NA,NA,38.185791,121.921272,NA,NA,NA,NA,NA,NA,NA,NA,NA,NA,"Crew Members"," ",NA,NA,NA,NA,NA,NA,NA,NA," false"," "," ","","02",NA," 0%"," ",1.4,"Meter stick"," gps from phone. depth from handheld",NA,"true","Airboat","DMC;ED;DH;SH","Bradmoor Island","11/16/2023","BRAD-W","2=33-66% clouds","1=wind 1-3 mph; scaley ripples"," NE"," 2=ebb",NA,14.1,8.18,5364,7.3,41.2,0.46,1.53,32.3," 1=absent",2," Inside",NA," false"," ",2023-11-16,2023,11,"2023-11-16 09:46","Fall","Handheld depth finder",0.7,0.7,0.7,78.75,NA,NA,NA,15714,1,0,"","",NA,"",30795,213,NA,"true",0,0,0,0,0,0,NA,"","false","false","","COMCAR","CP","C","Common Carp","Fish","carpio","Cyprinus","Cyprinidae","Cypriniformes","Actinopterygii","Chordata","Introduced","","","","",FALSE,"Present",NA,"Common Carp","Fish Larvae","Fish Larvae","fish","fish","Common Carp",1,"BEASEI02-BRAD-16NOV2023","Common Carp",0,126.984126984127,126.984126984127,31365.0793650794,0.00404858299595142
"2","CAST01-TULE-15JUN2023","974",469,13485,8078,"true","Cast","CAST","",""," "," ",1.4,NA,NA,NA,"AM","10:32","",NA,54,NA,38.126071,121.986332,NA,NA,NA,NA,NA,NA,NA,NA,NA,NA,""," ",NA,NA,NA,NA,NA,NA,NA,NA," false"," "," ","","",NA," "," ",NA,""," gps 5 accuracy 2m",NA,"true","Kvichak","AC;ED;SH;AM","Tule Red","06/15/2023","TULE-CH-LG-SE","1=0-33% clouds","1=wind 1-3 mph; scaley ripples"," W"," 4=flood",24,19,6.46,631,7.3,50.8,0.39,1.09,19.5," 1=absent",2," Inside",NA," false"," ",2023-06-15,2023,6,"2023-06-15 10:32","Summer","",1.4,1.4,1.4,NA,NA,NA,NA,15407,1,0,"","",NA,"",30136,262,NA,"true",0,0,0,0,0,0,NA,"","false","false","","SPLITT","ST","SPLT","Splittail","Fish","macrolepidotus","Pogonichthys","Cyprinidae","Cypriniformes","Actinopterygii","Chordata","Native","Moderate Concern","","MC","",FALSE,"Present",NA,"Sacramento Splittail","Fish Larvae","Fish Larvae","fish","fish","Sacramento Splittail",1,"CAST01-TULE-15JUN2023","Splittail",0,NA,NA,NA,NA
"3","CAST02-LOWE-26MAY2023","941",272,13435,8031,"true","Cast","CAST","",""," "," ",1,NA,NA,NA,"AM","11:07","",NA,67,NA,38.35362,121.660628,NA,NA,NA,NA,NA,NA,NA,NA,NA,NA,""," ",NA,NA,NA,NA,NA,NA,NA,NA," false"," "," ","","",NA," "," ",NA,""," gps 6 accuracy 3m. lavaged larbas @374: nothing. depth from handheld.",NA,"true","Mudsucker","AC;ED;AM","Lower Yolo Ranch","05/26/2023","LOWE-CH-ENTRANCE-N","1=0-33% clouds","1=wind 1-3 mph; scaley ripples"," W"," 2=ebb",NA,19.5,8.28,562,8,13.6,0.17,0.67,23.5," 1=absent",2," Inside",NA," false"," ",2023-05-26,2023,5,"2023-05-26 11:07","Spring","Handheld depth finder",1,1,1,NA,NA,NA,NA,15258,2,0,"","",NA,"",29466,374,NA,"true",0,0,0,20,0,0,NA,"","false","false","Lavaged - nothing in gut contents","LARBAS","LMB","LMB","Largemouth Bass","Fish","salmoides","Micropterus","Centrarchidae","Perciformes","Actinopterygii","Chordata","Introduced","","","","",FALSE,"Present",NA,"Largemouth Bass","Fish Larvae","Fish Larvae","fish","fish","Largemouth Bass",2,"CAST02-LOWE-26MAY2023","Largemouth Bass",0,NA,NA,NA,NA
"4","HOOK01-BRAD-28NOV2023","238",480,13907,8426,"true","Cast","HOOK","",""," "," ",NA,NA,NA,NA,"","00:00","",NA,NA,NA,38.18289,121.924116,NA,NA,NA,NA,NA,NA,NA,NA,NA,NA,""," ",NA,NA,NA,NA,NA,NA,NA,NA," false"," "," ","","",NA," "," ",NA,""," caught near breach ~30 m from lampara sample. gps selected from google earth- ed 6/19/2024",NA,"true","Mudsucker","AC;DMC;ED;DH;AM","Bradmoor Island","11/28/2023","BRAD-W","1=0-33% clouds","1=wind 1-3 mph; scaley ripples"," NE"," 4=flood",31,10.6,8.75,8562,7.4,26.9,0.29,1.12,36," 1=absent",2," Inside",NA," false"," ",2023-11-28,2023,11,"2023-11-28 00:00","Fall","",NA,NA,NA,NA,NA,NA,NA,15876,1,0,"","",NA,"",31383,450,NA,"true",0,0,0,0,0,0,NA,"","false","false","","STRBAS","SB","STB","Striped Bass","Fish","saxatilis","Morone","Moronidae","Perciformes","Actinopterygii","Chordata","Introduced","","","","larvae",FALSE,"Present",NA,"Striped Bass","Fish Larvae","Fish Larvae","fish","fish","Striped Bass",1,"HOOK01-BRAD-28NOV2023","Striped Bass",0,NA,NA,NA,NA
"5","HOOK01-HONK-15NOV2023","238",480,13798,8355,"true","Cast","HOOK","",""," "," ",NA,NA,NA,NA,"DH","00:00","",NA,NA,NA,38.058859,121.904821,NA,NA,NA,NA,NA,NA,NA,NA,NA,NA,""," ",NA,NA,NA,NA,NA,NA,NA,NA," false"," "," ","","",NA," "," ",NA,""," ",NA,"true","Mudsucker","AC;ED;DH;AM","Honker-Spoonbill","11/15/2023","HONK-SPOON","3=66-100% clouds","1=wind 1-3 mph; scaley ripples"," E"," 4=flood",76,15.3,8.75,12635,7.6,6.2,0.16,0.47,8.4," 1=absent",2," Inside",NA," false"," ",2023-11-15,2023,11,"2023-11-15 00:00","Fall","",NA,NA,NA,NA,NA,NA,NA,15688,2,0,"","",NA,"",30651,470,NA,"true",0,0,0,0,0,0,NA,"","false","false","","STRBAS","SB","STB","Striped Bass","Fish","saxatilis","Morone","Moronidae","Perciformes","Actinopterygii","Chordata","Introduced","","","","larvae",FALSE,"Present",NA,"Striped Bass","Fish Larvae","Fish Larvae","fish","fish","Striped Bass",2,"HOOK01-HONK-15NOV2023","Striped Bass",0,NA,NA,NA,NA
"6","HOOK01-HORS-21NOV2023","238",480,13846,8385,"true","Cast","HOOK","",""," "," ",NA,NA,NA,NA,"DH","00:00","",NA,NA,NA,38.082882,121.725291,NA,NA,NA,NA,NA,NA,NA,NA,NA,NA,""," ",NA,NA,NA,NA,NA,NA,NA,NA," false"," "," ","","",NA," "," ",NA,""," 1/2 oz swimjig. steady retireve w/ intermittent pulses. 5"" plastic paddletail",NA,"true","Mudsucker","AC;ED;DH;AM","Horseshoe Bend","11/21/2023","HORS-S","1=0-33% clouds","1=wind 1-3 mph; scaley ripples"," NE"," 4=flood",127,14.1,9.61,1103,7.7,7.3,0.11,0.31,6," 1=absent",2," Inside",NA," false"," FDOM: 5.977",2023-11-21,2023,11,"2023-11-21 00:00","Fall","",NA,NA,NA,NA,NA,NA,NA,15773,1,0,"","",NA,"",31176,440,NA,"true",0,0,0,0,0,0,NA,"","false","false","","STRBAS","SB","STB","Striped Bass","Fish","saxatilis","Morone","Moronidae","Perciformes","Actinopterygii","Chordata","Introduced","","","","larvae",FALSE,"Present",NA,"Striped Bass","Fish Larvae","Fish Larvae","fish","fish","Striped Bass",1,"HOOK01-HORS-21NOV2023","Striped Bass",0,NA,NA,NA,NA
"7","HOOK01-RYER-11OCT2023","238",480,13868,8407,"true","Cast","HOOK","",""," "," ",NA,NA,NA,NA,"DH","13:10","",NA,NA,NA,38.083305,122.012593,NA,NA,NA,NA,NA,NA,NA,NA,NA,NA,""," ",NA,NA,NA,NA,NA,NA,NA,NA," false"," "," ","","",NA," "," ",NA,""," caught with rolling amesha during trawl. put otttra07 trawl start coordinates as hook01 coordinates- ed",NA,"true","Kvichak","AC;ED;DH;SH","Ryer Island","10/11/2023","RYER-N","1=0-33% clouds","1=wind 1-3 mph; scaley ripples"," NW"," 4=flood",53,19.3,8.54,12925,7.8,10.2,0.16,0.38,7.3," 1=absent",2," Inside",NA," false"," ",2023-10-11,2023,10,"2023-10-11 13:10","Fall","",NA,NA,NA,NA,NA,NA,NA,15834,1,0,"","",NA,"",31317,308,NA,"true",0,0,0,0,0,0,NA,"","false","false","","STRBAS","SB","STB","Striped Bass","Fish","saxatilis","Morone","Moronidae","Perciformes","Actinopterygii","Chordata","Introduced","","","","larvae",FALSE,"Present",NA,"Striped Bass","Fish Larvae","Fish Larvae","fish","fish","Striped Bass",1,"HOOK01-RYER-11OCT2023","Striped Bass",0,NA,NA,NA,NA
"8","HOOK01-STAI-06DEC2023","941",272,13918,8435,"true","Cast","HOOK","",""," "," ",NA,NA,NA,NA,"DH","09:20","",NA,NA,NA,38.316512,121.667482,NA,NA,NA,NA,NA,NA,NA,NA,NA,NA,""," ",NA,NA,NA,NA,NA,NA,NA,NA," false"," "," ","","",NA," "," ",NA,""," plus counted larbas got off hook near boat",NA,"true","Mudsucker","AC;DMC;DH;SH;AM","Stairsteps-Liberty Cut","12/06/2023","STAI-LIBE","3=66-100% clouds","1=wind 1-3 mph; scaley ripples"," S"," 4=flood",122,11.3,9.74,217,7.6,3.7,0.18,0.31,8.1," 1=absent",2," Inside",NA," false"," ",2023-12-06,2023,12,"2023-12-06 09:20","Fall","",NA,NA,NA,NA,NA,NA,NA,15909,3,1,"","",NA,"",31585,245,NA,"true",0,0,0,0,0,0,NA,"","false","false","","LARBAS","LMB","LMB","Largemouth Bass","Fish","salmoides","Micropterus","Centrarchidae","Perciformes","Actinopterygii","Chordata","Introduced","","","","",FALSE,"Present",NA,"Largemouth Bass","Fish Larvae","Fish Larvae","fish","fish","Largemouth Bass",2,"HOOK01-STAI-06DEC2023","Largemouth Bass",0,NA,NA,NA,NA
"9","HOOK01-TULE-14NOV2023","238",480,14533,8626,"true","Cast","HOOK","",""," "," ",NA,NA,NA,NA,"DH","00:00","",NA,NA,NA,38.121495,121.9818,NA,NA,NA,NA,NA,NA,NA,NA,NA,NA,""," ",NA,NA,NA,NA,NA,NA,NA,NA," false"," "," ","","",NA," "," ",NA,""," hknl striper 60 cm healthy; 47 cm healthy; main channel near back side channel with pole in mouth. gps starting of trawl.",NA,"true","Mudsucker","CB;AC;DH;GN","Tule Red","11/14/2023","TULE-UNK","1=0-33% clouds","1=wind 1-3 mph; scaley ripples"," N"," 2=ebb",65,15.5,10.18,14704,8.1,10.4,0.44,1.75,8.3," 1=absent",1," Inside",NA," false"," hknl striper 60 cm healthy; 47 cm healthy; main channel near back side channel with pole in mouth. gps starting of trawl. striper 41 cm healthy from tidal pond end gps of trawl. other: ",2023-11-14,2023,11,"2023-11-14 00:00","Fall","",NA,NA,NA,NA,NA,NA,NA,16621,2,0,"","",NA,"",33888,470,NA,"true",0,0,0,0,0,0,NA,"","false","false","","STRBAS","SB","STB","Striped Bass","Fish","saxatilis","Morone","Moronidae","Perciformes","Actinopterygii","Chordata","Introduced","","","","larvae",FALSE,"Present",NA,"Striped Bass","Fish Larvae","Fish Larvae","fish","fish","Striped Bass",2,"HOOK01-TULE-14NOV2023","Striped Bass",0,NA,NA,NA,NA
"10","HOOK01-TULE-15JUN2023","238",480,14876,8085,"true","Cast","HOOK","",""," "," ",NA,NA,NA,NA,"SH","00:00","",NA,NA,NA,38.133972,121.994661,NA,NA,NA,NA,NA,NA,NA,NA,NA,NA,""," ",NA,NA,NA,NA,NA,NA,NA,NA," false"," "," ","","",NA," "," ",NA,""," ",NA,"true","Kvichak","AC;ED;SH;AM","Tule Red","06/15/2023","TULE-CH-LG-NW","1=0-33% clouds","1=wind 1-3 mph; scaley ripples"," W"," 4=flood",16,19.4,8.92,273,7.8,110.5,0.78,1.89,7," 1=absent",2," Inside",NA," false"," STRBAS @555 hook and line at end coordinates.",2023-06-15,2023,6,"2023-06-15 00:00","Summer","",NA,NA,NA,NA,NA,NA,NA,16625,1,0,"","",NA,"",33892,555,NA,"true",0,0,0,0,0,0,NA,"","false","false","","STRBAS","SB","STB","Striped Bass","Fish","saxatilis","Morone","Moronidae","Perciformes","Actinopterygii","Chordata","Introduced","","","","larvae",FALSE,"Present",NA,"Striped Bass","Fish Larvae","Fish Larvae","fish","fish","Striped Bass",1,"HOOK01-TULE-15JUN2023","Striped Bass",0,NA,NA,NA,NA
"11","HOOK01-TULE-27NOV2023","238",480,13875,8413,"true","Cast","HOOK","",""," "," ",NA,NA,NA,NA,"DH","00:00","",NA,NA,NA,38.125989,121.987131,NA,NA,NA,NA,NA,NA,NA,NA,NA,NA,""," ",NA,NA,NA,NA,NA,NA,NA,NA," false"," "," ","","",NA," "," ",NA,""," ",NA,"true","Mudsucker","AC;ED;DH;SH","Tule Red","11/27/2023","TULE-CH-LG-M","1=0-33% clouds","1=wind 1-3 mph; scaley ripples"," NE"," 4=flood",89,7.9,9.48,160,7.4,6,0.21,0.65,19.2," 1=absent",2," Inside",NA," false"," ",2023-11-27,2023,11,"2023-11-27 00:00","Fall","",NA,NA,NA,NA,NA,NA,NA,15844,1,0,"","",NA,"",31323,500,NA,"true",0,0,0,0,0,0,NA,"","false","false","","STRBAS","SB","STB","Striped Bass","Fish","saxatilis","Morone","Moronidae","Perciformes","Actinopterygii","Chordata","Introduced","","","","larvae",FALSE,"Present",NA,"Striped Bass","Fish Larvae","Fish Larvae","fish","fish","Striped Bass",1,"HOOK01-TULE-27NOV2023","Striped Bass",0,NA,NA,NA,NA
"12","HOOK02-ARNO-28NOV2023","238",480,13910,8428,"true","Cast","HOOK","",""," "," ",NA,NA,NA,NA,"DH","00:00","",NA,NA,NA,38.180324,121.905759,NA,NA,NA,NA,NA,NA,NA,NA,NA,NA,""," ",NA,NA,NA,NA,NA,NA,NA,NA," false"," "," ","","",NA," "," ",NA,""," ",NA,"true","Mudsucker","AC;DMC;ED;DH;AM","Arnold Slough","11/28/2023","ARNO-UNK","1=0-33% clouds","2= wind 4-7 mph; small wavelets"," NE"," 1=high slack",31,10.5,9.01,8153,7.5,20.7,0.29,1.13,37.8," 1=absent",2," Inside",NA," false"," ",2023-11-28,2023,11,"2023-11-28 00:00","Fall","",NA,NA,NA,NA,NA,NA,NA,15879,1,0,"","",NA,"",31429,660,NA,"true",0,0,0,0,0,0,NA,"","false","false","","STRBAS","SB","STB","Striped Bass","Fish","saxatilis","Morone","Moronidae","Perciformes","Actinopterygii","Chordata","Introduced","","","","larvae",FALSE,"Present",NA,"Striped Bass","Fish Larvae","Fish Larvae","fish","fish","Striped Bass",1,"HOOK02-ARNO-28NOV2023","Striped Bass",0,NA,NA,NA,NA
"13","HOOK02-RYER-15JUN2023","238",480,14877,8086,"true","Cast","HOOK","",""," "," ",NA,NA,NA,NA,"SH","00:00","",NA,NA,NA,38.086143,122.022373,NA,NA,NA,NA,NA,NA,NA,NA,NA,NA,""," ",NA,NA,NA,NA,NA,NA,NA,NA," false"," "," ","","",NA," "," ",NA,""," strbas @385 hook and line (38.086143; -122.022373)",NA,"true","Kvichak","AC;ED;SH;AM","Ryer Island","06/15/2023","RYER-CH-LG-M","1=0-33% clouds","1=wind 1-3 mph; scaley ripples"," W"," 4=flood",28,19.5,9.07,152,7.8,25.9,0.33,0.91,6.5," 1=absent",2," Inside",NA," false"," STRBAS @385 hook and line (38.086143; -122.022373)",2023-06-15,2023,6,"2023-06-15 00:00","Summer","",NA,NA,NA,NA,NA,NA,NA,16626,1,0,"","",NA,"",33893,385,NA,"true",0,0,0,0,0,0,NA,"","false","false","","STRBAS","SB","STB","Striped Bass","Fish","saxatilis","Morone","Moronidae","Perciformes","Actinopterygii","Chordata","Introduced","","","","larvae",FALSE,"Present",NA,"Striped Bass","Fish Larvae","Fish Larvae","fish","fish","Striped Bass",1,"HOOK02-RYER-15JUN2023","Striped Bass",0,NA,NA,NA,NA
"14","HOOK02-TULE-14NOV2023","238",480,14540,8625,"true","Cast","HOOK","",""," "," ",NA,NA,NA,NA,"DH","00:00","",NA,NA,NA,38.118634,121.981909,NA,NA,NA,NA,NA,NA,NA,NA,NA,NA,""," ",NA,NA,NA,NA,NA,NA,NA,NA," false"," "," ","","",NA," "," ",NA,""," dh caught striper at 500 mm after 10-15 casts. used eav gps for hook sample",NA,"true","Mudsucker","CB;AC;DH;GN","Tule Red","11/14/2023","TULE-UNK","1=0-33% clouds","1=wind 1-3 mph; scaley ripples"," N"," 4=flood",52,15.3,10.11,14415,8,17.7,0.35,1.33,8.2," 1=absent",1," Inside",NA," false"," ",2023-11-14,2023,11,"2023-11-14 00:00","Fall","",NA,NA,NA,NA,NA,NA,NA,16620,1,0,"","",NA,"",33886,500,NA,"true",0,0,0,0,0,0,NA,"","false","false","","STRBAS","SB","STB","Striped Bass","Fish","saxatilis","Morone","Moronidae","Perciformes","Actinopterygii","Chordata","Introduced","","","","larvae",FALSE,"Present",NA,"Striped Bass","Fish Larvae","Fish Larvae","fish","fish","Striped Bass",1,"HOOK02-TULE-14NOV2023","Striped Bass",0,NA,NA,NA,NA
"15","HOOK02-TULE-27NOV2023","238",480,13876,8413,"true","Cast","HOOK","",""," "," ",NA,NA,NA,NA,"DH","00:00","",NA,NA,NA,38.121389,121.982587,NA,NA,NA,NA,NA,NA,NA,NA,NA,NA,""," ",NA,NA,NA,NA,NA,NA,NA,NA," false"," "," ","","",NA," "," ",NA,""," ",NA,"true","Mudsucker","AC;ED;DH;SH","Tule Red","11/27/2023","TULE-CH-LG-M","1=0-33% clouds","1=wind 1-3 mph; scaley ripples"," NE"," 4=flood",89,7.9,9.48,160,7.4,6,0.21,0.65,19.2," 1=absent",2," Inside",NA," false"," ",2023-11-27,2023,11,"2023-11-27 00:00","Fall","",NA,NA,NA,NA,NA,NA,NA,15845,1,0,"","",NA,"",31324,370,NA,"true",0,0,0,0,0,0,NA,"","false","false","","STRBAS","SB","STB","Striped Bass","Fish","saxatilis","Morone","Moronidae","Perciformes","Actinopterygii","Chordata","Introduced","","","","larvae",FALSE,"Present",NA,"Striped Bass","Fish Larvae","Fish Larvae","fish","fish","Striped Bass",1,"HOOK02-TULE-27NOV2023","Striped Bass",0,NA,NA,NA,NA
"16","HOOK03-TULE-14NOV2023","238",480,14874,8626,"true","Cast","HOOK","",""," "," ",NA,NA,NA,NA,"DH","00:00","",NA,NA,NA,38.123292,121.981198,NA,NA,NA,NA,NA,NA,NA,NA,NA,NA,""," ",NA,NA,NA,NA,NA,NA,NA,NA," false"," "," ","","",NA," "," ",NA,""," striper 41 cm healthy from tidal pond end gps of trawl",NA,"true","Mudsucker","CB;AC;DH;GN","Tule Red","11/14/2023","TULE-UNK","1=0-33% clouds","1=wind 1-3 mph; scaley ripples"," N"," 2=ebb",65,15.5,10.18,14704,8.1,10.4,0.44,1.75,8.3," 1=absent",1," Inside",NA," false"," hknl striper 60 cm healthy; 47 cm healthy; main channel near back side channel with pole in mouth. gps starting of trawl. striper 41 cm healthy from tidal pond end gps of trawl. other: ",2023-11-14,2023,11,"2023-11-14 00:00","Fall","",NA,NA,NA,NA,NA,NA,NA,16622,1,0,"","",NA,"",33889,410,NA,"true",0,0,0,0,0,0,NA,"","false","false","","STRBAS","SB","STB","Striped Bass","Fish","saxatilis","Morone","Moronidae","Perciformes","Actinopterygii","Chordata","Introduced","","","","larvae",FALSE,"Present",NA,"Striped Bass","Fish Larvae","Fish Larvae","fish","fish","Striped Bass",1,"HOOK03-TULE-14NOV2023","Striped Bass",0,NA,NA,NA,NA
"17","LAMOPE01-TULE-26JAN2023","974",469,12292,7292,"true","Seine","LAMOPE","","1. No twists; snags; or tears"," 2= against flow"," ",1.7,NA,NA,NA,"","08:01","",NA,NA,NA,38.128945,121.988682,NA,NA,NA,NA,NA,NA,NA,NA,NA,NA,"Boat"," ",NA,NA,NA,NA,NA,NA,NA,NA," false"," "," ","","1",NA," 0%"," ",NA,""," not paired. gps 5; accuracy 2m. repaired a 4-5 inch section along float line that came disconnected",NA,"true","Mudsucker","ED;SH;GP;KS","Tule Red","01/26/2023","TULE-CH-LG-M","1=0-33% clouds","1=wind 1-3 mph; scaley ripples"," NE"," 2=ebb",16,8.5,11.02,657,7.6,108.3,0.63,1.14,13.9," 1=absent",2," Inside",NA," false"," ",2023-01-26,2023,1,"2023-01-26 08:01","Winter","",2,2,2,206.41862200576,NA,NA,NA,14507,1,0,"","",NA,"",28294,299,NA,"true",0,0,0,0,0,0,NA,"","false","false","","SPLITT","ST","SPLT","Splittail","Fish","macrolepidotus","Pogonichthys","Cyprinidae","Cypriniformes","Actinopterygii","Chordata","Native","Moderate Concern","","MC","",FALSE,"Present",NA,"Sacramento Splittail","Fish Larvae","Fish Larvae","fish","fish","Sacramento Splittail",1,"LAMOPE01-TULE-26JAN2023","Splittail",0,48.4452415331062,48.4452415331062,48.4452415331062,1
"18","LAMOPE02-DECK-10MAY2023","937",233,13383,7983,"true","Seine","LAMOPE","","1. No twists; snags; or tears"," 2= against flow"," ",1.9,NA,NA,NA,"","08:33","",NA,NA,NA,38.08432,121.723897,NA,NA,NA,NA,NA,NA,NA,NA,NA,NA,"Boat"," ",NA,NA,NA,NA,NA,NA,NA,NA," false"," "," ","","3",NA," 1-33%"," ",NA,""," depth from handheld. gps 6 accuracy 3m. gps calculated in 2023 sample inventory - ed 9/11/2023",NA,"true","Mudsucker","CB;AC;ED;AM","Decker Island","05/10/2023","DECK-TP","1=0-33% clouds","1=wind 1-3 mph; scaley ripples"," SW"," 1=high slack",71,14.6,9.51,124,7.6,7.7,0.09,0.38,6.7," 1=absent",2," Inside",NA," false"," ",2023-05-10,2023,5,"2023-05-10 08:33","Spring","Handheld depth finder",1.9,1.9,1.9,197.300077206198,NA,NA,NA,15197,1,0,"","",NA,"",29275,214,NA,"true",0,0,0,0,0,0,NA,"FRP23-015","false","false","fin clip in ETOH","HITCH","HCH","HCH","Hitch","Fish","exilicauda","Lavinia","Cyprinidae","Cypriniformes","Actinopterygii","Chordata","Native","Moderate Concern","","MC","",FALSE,"Present",NA,"Sacramento Hitch","Fish Larvae","Fish Larvae","fish","fish","Sacramento Hitch",1,"LAMOPE02-DECK-10MAY2023","Hitch",0,50.6842173688001,50.6842173688001,253.421086844,0.2
"19","LAMOPE02-LIBE-20DEC2023","941",272,13970,8470,"true","Seine","LAMOPE","","1. No twists; snags; or tears"," 2= against flow"," ",1.1,NA,NA,NA,"","09:23","",NA,NA,NA,38.271501,121.669147,NA,NA,NA,NA,NA,NA,NA,NA,NA,NA,"Boat"," ",NA,NA,NA,NA,NA,NA,NA,NA," false"," "," ","","03",NA," 1-33%"," Garmin 6",2,"Handheld depth finder"," the 2 larbas jumped out",NA,"true","Chinook","DMC;ED;DD;GU;AM","Liberty Island","12/20/2023","LIBE_UNK","4=rain","2= wind 4-7 mph; small wavelets"," NW"," 4=flood",NA,11.4,10.52,204,7.8,2.2,0.16,0.42,8.1," 1=absent",2," Inside",NA," false"," guest: leigh sanders taking eDNA. chl µg/L: 1.77; pc µg/L: 0.14. secchi hitting veg. ",2023-12-20,2023,12,"2023-12-20 09:23","Fall","Handheld depth finder",1.1,1.1,1.1,118.217730722742,NA,NA,NA,15955,5,2,"","",NA,"",31882,444,NA,"true",0,0,0,0,0,0,NA,"","false","false","","LARBAS","LMB","LMB","Largemouth Bass","Fish","salmoides","Micropterus","Centrarchidae","Perciformes","Actinopterygii","Chordata","Introduced","","","","",FALSE,"Present",NA,"Largemouth Bass","Fish Larvae","Fish Larvae","fish","fish","Largemouth Bass",3,"LAMOPE02-LIBE-20DEC2023","Largemouth Bass",0,422.94839948557,422.94839948557,507.538079382684,0.833333333333333
"20","LAMOPE02-LIBE-20DEC2023","961",425,13970,8470,"true","Seine","LAMOPE","","1. No twists; snags; or tears"," 2= against flow"," ",1.1,NA,NA,NA,"","09:23","",NA,NA,NA,38.271501,121.669147,NA,NA,NA,NA,NA,NA,NA,NA,NA,NA,"Boat"," ",NA,NA,NA,NA,NA,NA,NA,NA," false"," "," ","","03",NA," 1-33%"," Garmin 6",2,"Handheld depth finder"," the 2 larbas jumped out",NA,"true","Chinook","DMC;ED;DD;GU;AM","Liberty Island","12/20/2023","LIBE_UNK","4=rain","2= wind 4-7 mph; small wavelets"," NW"," 4=flood",NA,11.4,10.52,204,7.8,2.2,0.16,0.42,8.1," 1=absent",2," Inside",NA," false"," guest: leigh sanders taking eDNA. chl µg/L: 1.77; pc µg/L: 0.14. secchi hitting veg. ",2023-12-20,2023,12,"2023-12-20 09:23","Fall","Handheld depth finder",1.1,1.1,1.1,118.217730722742,NA,NA,NA,15956,1,0,"","",NA,"",31885,164,NA,"true",0,0,0,0,0,0,NA,"","false","false","","REDEAR","RESF","RES","Redear Sunfish","Fish","microlophus","Lepomis","Centrarchidae","Perciformes","Actinopterygii","Chordata","Introduced","","","","",FALSE,"Present",NA,"Redear Sunfish","Fish Larvae","Fish Larvae","fish","fish","Redear Sunfish",1,"LAMOPE02-LIBE-20DEC2023","Redear Sunfish",0,84.589679897114,84.589679897114,507.538079382684,0.166666666666667
"21","LAMOPE02-PEYT-04APR2023","974",469,12484,7464,"true","Seine","LAMOPE","","2. Partial twist; snag; or tear"," 2= against flow"," ",3.4,NA,NA,NA,"","12:59","",NA,NA,NA,38.226724,122.040664,NA,NA,NA,NA,NA,NA,NA,NA,NA,NA,"Boat"," ",NA,NA,NA,NA,NA,NA,NA,NA," false"," "," ","","3",NA," 0%"," ",NA,""," gps 5; accuracy 2m. not paired. code 2 due to depth. ",NA,"true","Mudsucker","CB;AC;ED;GU","Peytonia-Suisun","04/04/2023","PEYT-PEYT","1=0-33% clouds","1=wind 1-3 mph; scaley ripples"," NW"," 4=flood",19,12.7,8.51,1414,7.7,38.8,0.37,1.52,34.8," 1=absent",2," Inside",NA," false"," guest Danie",2023-04-04,2023,4,"2023-04-04 12:59","Spring","",3.7,3.7,3.7,332.7,NA,NA,NA,14866,1,0,"","",NA,"",28867,299,NA,"true",0,20,0,0,0,0,NA,"","false","false","","SPLITT","ST","SPLT","Splittail","Fish","macrolepidotus","Pogonichthys","Cyprinidae","Cypriniformes","Actinopterygii","Chordata","Native","Moderate Concern","","MC","",FALSE,"Present",NA,"Sacramento Splittail","Fish Larvae","Fish Larvae","fish","fish","Sacramento Splittail",1,"LAMOPE02-PEYT-04APR2023","Splittail",0,30.0571085061617,30.0571085061617,30.0571085061617,1
"22","LAMOPE02-TULE-22DEC2023","238",480,13981,8481,"true","Seine","LAMOPE","","1. No twists; snags; or tears"," 2= against flow"," ",1.4,NA,NA,NA,"","09:51","",NA,NA,NA,38.123868,121.979747,NA,NA,NA,NA,NA,NA,NA,NA,NA,NA,"Boat"," ",NA,NA,NA,NA,NA,NA,NA,NA," false"," "," ","","03",NA," 1-33%"," Garmin 6",2,"Lowrance"," ",NA,"true","Mudsucker","ED;DD;GU;AM","Tule Red","12/22/2023","TULE-TP-1","1=0-33% clouds","1=wind 1-3 mph; scaley ripples"," S"," 4=flood",68,11.3,8.19,17789,7.3,8,0.23,0.8,18.4," 1=absent",2," Inside",NA," false"," ",2023-12-22,2023,12,"2023-12-22 09:51","Fall","Lowrance",1.7,1.7,1.7,178.551821933162,NA,NA,NA,15993,2,0,"","",NA,"",32179,416,NA,"true",0,0,0,0,0,0,NA,"","false","false","","STRBAS","SB","STB","Striped Bass","Fish","saxatilis","Morone","Moronidae","Perciformes","Actinopterygii","Chordata","Introduced","","","","larvae",FALSE,"Present",NA,"Striped Bass","Fish Larvae","Fish Larvae","fish","fish","Striped Bass",2,"LAMOPE02-TULE-22DEC2023","Striped Bass",0,112.012298633876,112.012298633876,168.018447950814,0.666666666666667
"23","LAMOPE03-PEYT-03MAY2023","985",523,13467,8066,"true","Seine","LAMOPE","","1. No twists; snags; or tears"," 2= against flow"," ",2.4,NA,NA,NA,"","11:34","",NA,NA,NA,38.226807,122.035614,NA,NA,NA,NA,NA,NA,NA,NA,NA,NA,"Boat"," ",NA,NA,NA,NA,NA,NA,NA,NA," false"," "," ","","3",NA," 0%"," ",NA,""," gps 5; accuracy 3m. not paired. depth from handheld",NA,"true","Mudsucker","DMC;ED;AM","Peytonia-Suisun","05/03/2023","PEYT-PEYT","3=66-100% clouds","1=wind 1-3 mph; scaley ripples"," NE"," 4=flood",23,16,6.94,2263,7.7,41.3,1.06,2.03,52.9," 1=absent",1," Inside",NA," false"," ",2023-05-03,2023,5,"2023-05-03 11:34","Spring","Handheld depth finder",2.4,2.4,2.4,241.188915624294,NA,NA,NA,15347,1,0,"","",NA,"",29924,165,NA,"true",0,0,0,0,0,0,NA,"","false","false","","TULPER","TP","TP","Tule Perch","Fish","traski","Hysterocarpus","Embiotocidae","","Actinopterygii","Chordata","Native","","","","",FALSE,"Present",NA,"Tule Perch","Fish Larvae","Fish Larvae","fish","fish","Tule Perch",1,"LAMOPE03-PEYT-03MAY2023","Tule Perch",0,41.4612751755857,41.4612751755857,124.383825526757,0.333333333333333
"24","LAMOPE03-STAI-06DEC2023","931",211,13917,8435,"true","Seine","LAMOPE","","2. Partial twist; snag; or tear"," 2= against flow"," ",3.4,NA,NA,NA,"","09:16","",NA,NA,NA,38.316512,121.667482,NA,NA,NA,NA,NA,NA,NA,NA,NA,NA,"Boat"," ",NA,NA,NA,NA,NA,NA,NA,NA," false"," "," ","","03",NA," 1-33%"," Garmin 6",5,"Lowrance"," deploying at edge of shoal; depth is dropping (~3.3 to 5.5) = code 2",NA,"true","Mudsucker","AC;DMC;DH;SH;AM","Stairsteps-Liberty Cut","12/06/2023","STAI-LIBE","3=66-100% clouds","1=wind 1-3 mph; scaley ripples"," S"," 4=flood",122,11.3,9.74,217,7.6,3.7,0.18,0.31,8.1," 1=absent",2," Inside",NA," false"," ",2023-12-06,2023,12,"2023-12-06 09:16","Fall","Lowrance",3.7,3.7,3.7,332.7,NA,NA,NA,15891,1,0,"","",NA,"",31482,173,NA,"true",0,0,0,0,0,0,NA,"","false","false","","GOLSHI","GSH","GSN","Golden Shiner","Fish","crysoleucas","Notemigonus","Cyprinidae","Cypriniformes","Actinopterygii","Chordata","Introduced","","","","",FALSE,"Present",NA,"Golden Shiner","Fish Larvae","Fish Larvae","fish","fish","Golden Shiner",1,"LAMOPE03-STAI-06DEC2023","Golden Shiner",0,30.0571085061617,30.0571085061617,3065.82506762849,0.00980392156862745
"25","LAMOPE03-STAI-27APR2023","937",233,13445,8043,"true","Seine","LAMOPE","","2. Partial twist; snag; or tear"," 2= against flow"," ",3.7,NA,NA,NA,"","09:41","",NA,NA,NA,38.33593,121.667991,NA,NA,NA,NA,NA,NA,NA,NA,NA,NA,"Boat"," ",NA,NA,NA,NA,NA,NA,NA,NA," false"," "," ","","3",NA," 0%"," ",NA,""," gps 5; accuracy 3m. depth from handheld. code 2: depth",NA,"true","Mudsucker","AC;DC;ED;GU","Stairsteps-Liberty Cut","04/27/2023","STAI-UNK","1=0-33% clouds","1=wind 1-3 mph; scaley ripples"," NA"," 4=flood",54,21.5,6.74,739,10.2,10.7,0.19,1.28,15.6," 1=absent",2," Inside",NA," false"," Guests: Brian Armstrong and Anthony Elias-Linarez",2023-04-27,2023,4,"2023-04-27 09:41","Spring","Handheld depth finder",3.7,3.7,3.7,332.7,NA,NA,NA,15283,1,0,"","",NA,"",29561,335,NA,"true",0,10,0,0,0,0,NA,"FRP23-014","false","false","fin clip in ETOH","HITCH","HCH","HCH","Hitch","Fish","exilicauda","Lavinia","Cyprinidae","Cypriniformes","Actinopterygii","Chordata","Native","Moderate Concern","","MC","",FALSE,"Present",NA,"Sacramento Hitch","Fish Larvae","Fish Larvae","fish","fish","Sacramento Hitch",1,"LAMOPE03-STAI-27APR2023","Hitch",0,30.0571085061617,30.0571085061617,90.1713255184851,0.333333333333333
"26","LAMOPE03-TULE-16MAY2023","974",469,13404,8004,"true","Seine","LAMOPE","","1. No twists; snags; or tears"," 2= against flow"," ",1.6,NA,NA,NA,"","10:08","",NA,NA,NA,38.131352,121.99099,NA,NA,NA,NA,NA,NA,NA,NA,NA,NA,"Boat"," ",NA,NA,NA,NA,NA,NA,NA,NA," false"," "," ","","3",NA," 0%"," ",NA,""," depth from handheld. gps 6 accuracy 3m",NA,"true","Mudsucker","AC;ED;GU;AM","Tule Red","05/16/2023","TULE-CH-LG-M","1=0-33% clouds","1=wind 1-3 mph; scaley ripples"," SW"," 4=flood",16,17.6,9.45,353,7.8,57.7,1.23,5.01,9.9," 1=absent",1," Inside",NA," false"," Guest - Anthony Elias-Linarez",2023-05-16,2023,5,"2023-05-16 10:08","Spring","Handheld depth finder",1.6,1.6,1.6,168.922111459686,NA,NA,NA,15208,1,0,"","",NA,"",29356,330,NA,"true",0,0,0,0,0,0,NA,"","false","false","","SPLITT","ST","SPLT","Splittail","Fish","macrolepidotus","Pogonichthys","Cyprinidae","Cypriniformes","Actinopterygii","Chordata","Native","Moderate Concern","","MC","",FALSE,"Present",NA,"Sacramento Splittail","Fish Larvae","Fish Larvae","fish","fish","Sacramento Splittail",1,"LAMOPE03-TULE-16MAY2023","Splittail",0,59.1988811505385,59.1988811505385,59.1988811505385,1
"27","LAMOPE04-FLYW-25MAY2023","920",80,13484,8082,"true","Seine","LAMOPE","","1. No twists; snags; or tears"," 2= against flow"," ",1.3,NA,NA,NA,"","11:24","",NA,NA,NA,38.360824,121.640907,NA,NA,NA,NA,NA,NA,NA,NA,NA,NA,"Boat"," ",NA,NA,NA,NA,NA,NA,NA,NA," false"," "," ","","3",NA," 0%"," ",NA,""," depth from handheld. gps 6; accuracy 3m. not paired. hitch confirmed frp23-019",NA,"true","Mudsucker","DMC;ED;GU;AM","Flyway Farms","05/25/2023","FLYW-CH-ENTRANCE","1=0-33% clouds","1=wind 1-3 mph; scaley ripples"," W"," 2=ebb",32,21.4,5.91,568,7.7,18.8,0.26,0.9,18.6," 1=absent",2," Inside",NA," false"," ",2023-05-25,2023,5,"2023-05-25 11:24","Spring","Handheld depth finder",1.3,1.3,1.3,139.010648691434,NA,NA,NA,15413,1,0,"","",NA,"",30176,337,NA,"true",0,0,0,10,0,0,NA,"","false","false","","CHACAT","CCF","CHC","Channel Catfish","Fish","punctatus","Ictalurus","Ictaluridae","Siluriformes","Actinopterygii","Chordata","Introduced","","","","",FALSE,"Present",NA,"Channel Catfish","Fish Larvae","Fish Larvae","fish","fish","Channel Catfish",1,"LAMOPE04-FLYW-25MAY2023","Channel Catfish",0,71.936935005586,71.936935005586,3237.16207525137,0.0222222222222222
"28","LAMOPE04-HORS-03JAN2023","937",233,12246,7246,"true","Seine","LAMOPE","","1. No twists; snags; or tears"," 2= against flow"," ",2.4,NA,NA,NA,"","11:40","",NA,NA,NA,38.080321,121.728292,NA,NA,NA,NA,NA,NA,NA,NA,NA,NA,"Boat"," ",NA,NA,NA,NA,NA,NA,NA,NA," false"," "," ","","1",NA," 1-33%"," ",NA,""," gps 6; accuracy 3m. not paired. dominant vegetation in net: egeden. gps manually updated from geo-tagged photos taken that day - ed 21jul2023 ",NA,"true","Mudsucker","AC;ED;KS","Horseshoe Bend","01/03/2023","HORS-S","3=66-100% clouds","1=wind 1-3 mph; scaley ripples"," NW"," 4=flood",17,9.5,9.95,135,7.3,58.2,0.39,0.64,15.4," 1=absent",2," Inside",NA," false"," ",2023-01-03,2023,1,"2023-01-03 11:40","Winter","",2.7,2.7,2.7,265.477555979498,NA,NA,NA,14359,4,0,"","",NA,"",28045,229,NA,"true",0,0,0,0,0,0,NA,"","false","false","","HITCH","HCH","HCH","Hitch","Fish","exilicauda","Lavinia","Cyprinidae","Cypriniformes","Actinopterygii","Chordata","Native","Moderate Concern","","MC","",FALSE,"Present",NA,"Sacramento Hitch","Fish Larvae","Fish Larvae","fish","fish","Sacramento Hitch",4,"LAMOPE04-HORS-03JAN2023","Hitch",0,150.671870744091,150.671870744091,376.679676860227,0.4
"29","LAMOPE05-FLYW-26APR2023","941",272,13370,7964,"true","Seine","LAMOPE","","1. No twists; snags; or tears"," 2= against flow"," ",0.9,NA,NA,NA,"","11:55","",NA,NA,NA,38.360897,121.643492,NA,NA,NA,NA,NA,NA,NA,NA,NA,NA,"Crew Members and Boat"," ",NA,NA,NA,NA,NA,NA,NA,NA," false"," "," ","","3",NA," 1-33%"," ",NA,""," gps 5 accuracy 2m",NA,"true","Mudsucker","AC;ED;AM;SS","Flyway Farms","04/26/2023","FLYW-CH-N","1=0-33% clouds","0=Calm; glassy"," NW"," 2=ebb",29,21.7,7.52,733,7.9,7.4,0.41,1.49,17.8," 1=absent",1," Inside",NA," false"," depth from handheld",2023-04-26,2023,4,"2023-04-26 11:55","Spring","",1.2,1.2,1.2,128.699383986074,NA,NA,NA,15177,1,0,"","",NA,"",29214,158,NA,"true",0,0,0,0,0,0,NA,"","false","false","","LARBAS","LMB","LMB","Largemouth Bass","Fish","salmoides","Micropterus","Centrarchidae","Perciformes","Actinopterygii","Chordata","Introduced","","","","",FALSE,"Present",NA,"Largemouth Bass","Fish Larvae","Fish Larvae","fish","fish","Largemouth Bass",1,"LAMOPE05-FLYW-26APR2023","Largemouth Bass",0,77.7004496080734,77.7004496080734,2175.61258902606,0.0357142857142857
"30","LAMOPE05-WTIB-08FEB2023","941",272,12322,7322,"true","Seine","LAMOPE","","2. Partial twist; snag; or tear"," 2= against flow"," ",1.3,NA,NA,NA,"","10:44","",NA,NA,NA,38.096114,121.589807,NA,NA,NA,NA,NA,NA,NA,NA,NA,NA,"Boat"," ",NA,NA,NA,NA,NA,NA,NA,NA," false"," "," ","","3",NA," 34-66%"," ",NA,""," not paired. gps 5; accuracy 2m. a lot of veg - code 2. ",NA,"true","Mudsucker","CB;ED;GU;GN;GP","Webb Tract Island and Berms","02/08/2023","WTIB-CH-INT","1=0-33% clouds","0=Calm; glassy"," NA"," 2=ebb",55,9,10.11,233,7.5,11.2,0.24,0.59,22.3," 1=absent",2," Inside",NA," false"," LS = LEIGH SANDERS; EDNA",2023-02-08,2023,2,"2023-02-08 10:44","Winter","",1.6,1.6,1.6,168.922111459686,NA,NA,NA,14559,1,0,"","",NA,"",28389,281,NA,"true",0,0,0,0,0,0,NA,"","false","false","","LARBAS","LMB","LMB","Largemouth Bass","Fish","salmoides","Micropterus","Centrarchidae","Perciformes","Actinopterygii","Chordata","Introduced","","","","",FALSE,"Present",NA,"Largemouth Bass","Fish Larvae","Fish Larvae","fish","fish","Largemouth Bass",1,"LAMOPE05-WTIB-08FEB2023","Largemouth Bass",0,59.1988811505385,59.1988811505385,591.988811505385,0.1
"31","LAMOPE05-WTIB-08FEB2023","961",425,12322,7322,"true","Seine","LAMOPE","","2. Partial twist; snag; or tear"," 2= against flow"," ",1.3,NA,NA,NA,"","10:44","",NA,NA,NA,38.096114,121.589807,NA,NA,NA,NA,NA,NA,NA,NA,NA,NA,"Boat"," ",NA,NA,NA,NA,NA,NA,NA,NA," false"," "," ","","3",NA," 34-66%"," ",NA,""," not paired. gps 5; accuracy 2m. a lot of veg - code 2. ",NA,"true","Mudsucker","CB;ED;GU;GN;GP","Webb Tract Island and Berms","02/08/2023","WTIB-CH-INT","1=0-33% clouds","0=Calm; glassy"," NA"," 2=ebb",55,9,10.11,233,7.5,11.2,0.24,0.59,22.3," 1=absent",2," Inside",NA," false"," LS = LEIGH SANDERS; EDNA",2023-02-08,2023,2,"2023-02-08 10:44","Winter","",1.6,1.6,1.6,168.922111459686,NA,NA,NA,14560,1,0,"","",NA,"",28390,214,NA,"true",0,0,0,10,0,0,NA,"","false","false","","REDEAR","RESF","RES","Redear Sunfish","Fish","microlophus","Lepomis","Centrarchidae","Perciformes","Actinopterygii","Chordata","Introduced","","","","",FALSE,"Present",NA,"Redear Sunfish","Fish Larvae","Fish Larvae","fish","fish","Redear Sunfish",1,"LAMOPE05-WTIB-08FEB2023","Redear Sunfish",0,59.1988811505385,59.1988811505385,591.988811505385,0.1
"32","LAMOPE06-BROW-12JAN2023","937",233,12259,7255,"true","Seine","LAMOPE","","1. No twists; snags; or tears"," 2= against flow"," ",2.6,NA,NA,NA,"","10:52","",NA,NA,NA,38.042799,121.871486,NA,NA,NA,NA,NA,NA,NA,NA,NA,NA,"Boat"," ",NA,NA,NA,NA,NA,NA,NA,NA," false"," "," ","","1",NA," 0%"," ",NA,""," gps 5; accuracy 2m. not paired. fish collections: frp23-001 hitch 290 0 fin clip etoh; frp23-500 chisal-f 37 0 whole ice; frp23-501 thrsti 44 0 whole etoh",NA,"true","Mudsucker","MA;AC;ED;GP","Browns Island","01/12/2023","BROW-CH-MAIN","3=66-100% clouds","1=wind 1-3 mph; scaley ripples"," SE"," 2=ebb",20,10.2,9.77,263,7.3,58.4,0.88,0.74,23.2," 1=absent",1," Inside",NA," false"," ",2023-01-12,2023,1,"2023-01-12 10:52","Winter","",2.9,2.9,2.9,280.81804009311,NA,NA,NA,14378,1,0,"","",NA,"",28084,290,NA,"true",0,0,0,0,0,0,NA,"FRP23-001","false","false","","HITCH","HCH","HCH","Hitch","Fish","exilicauda","Lavinia","Cyprinidae","Cypriniformes","Actinopterygii","Chordata","Native","Moderate Concern","","MC","",FALSE,"Present",NA,"Sacramento Hitch","Fish Larvae","Fish Larvae","fish","fish","Sacramento Hitch",1,"LAMOPE06-BROW-12JAN2023","Hitch",0,35.6102478198492,35.6102478198492,178.051239099246,0.2
"33","LAMOPE06-FLYW-25JAN2023","974",469,12286,7286,"true","Seine","LAMOPE","","1. No twists; snags; or tears"," 2= against flow"," ",1.5,NA,NA,NA,"","12:24","",NA,NA,NA,38.365055,121.642861,NA,NA,NA,NA,NA,NA,NA,NA,NA,NA,"Boat"," ",NA,NA,NA,NA,NA,NA,NA,NA," false"," "," ","","1",NA," 0%"," ",NA,""," not paired. gps 5; accuracy 2m. splittail has tubercles on head",NA,"true","Mudsucker","ED;GU;GN;GP","Flyway Farms","01/25/2023","FLYW-CH-N","1=0-33% clouds","1=wind 1-3 mph; scaley ripples"," N"," 2=ebb",9,9.3,6.02,279,7.2,97.6,1.04,0.83,17.4," 1=absent",1," Inside",NA," false"," LEIGH SANDERS IS GUEST",2023-01-25,2023,1,"2023-01-25 12:24","Winter","",1.8,1.8,1.8,188.011143848666,NA,NA,NA,14484,1,0,"","",NA,"",28265,321,NA,"true",0,10,0,0,0,0,NA,"","false","false","","SPLITT","ST","SPLT","Splittail","Fish","macrolepidotus","Pogonichthys","Cyprinidae","Cypriniformes","Actinopterygii","Chordata","Native","Moderate Concern","","MC","",FALSE,"Present",NA,"Sacramento Splittail","Fish Larvae","Fish Larvae","fish","fish","Sacramento Splittail",1,"LAMOPE06-FLYW-25JAN2023","Splittail",0,53.1883365809913,53.1883365809913,797.825048714869,0.0666666666666667
"34","LAMOPE06-HONK-05APR2023","238",480,12526,7486,"true","Seine","LAMOPE","","1. No twists; snags; or tears"," 2= against flow"," ",2,NA,NA,NA,"","11:57","",NA,NA,NA,38.073458,121.928656,NA,NA,NA,NA,NA,NA,NA,NA,NA,NA,"Boat"," ",NA,NA,NA,NA,NA,NA,NA,NA," false"," "," ","","3",NA," 0%"," ",NA,""," gps 5; accuracy 2m. not paired. handheld depthfinder",NA,"true","Mudsucker","AC;ED;AM;GN","Honker-Spoonbill","04/05/2023","HONK-HONK","1=0-33% clouds","1=wind 1-3 mph; scaley ripples"," W"," 4=flood",17,11.7,10.91,230,7.8,41.3,0.39,1.12,10.1," 1=absent",2," Inside",NA," false"," ",2023-04-05,2023,4,"2023-04-05 11:57","Spring","",2.3,2.3,2.3,232.751925056618,NA,NA,NA,14926,1,0,"","",NA,"",28921,203,NA,"true",0,0,0,0,0,0,NA,"","false","false","","STRBAS","SB","STB","Striped Bass","Fish","saxatilis","Morone","Moronidae","Perciformes","Actinopterygii","Chordata","Introduced","","","","larvae",FALSE,"Present",NA,"Striped Bass","Fish Larvae","Fish Larvae","fish","fish","Striped Bass",1,"LAMOPE06-HONK-05APR2023","Striped Bass",0,42.9641988893001,42.9641988893001,42.9641988893001,1
"35","LAMOPE06-STAI-20NOV2023","937",233,13819,8378,"true","Seine","LAMOPE","","1. No twists; snags; or tears"," 2= against flow"," ",1.3,NA,NA,NA,"","13:02","",NA,NA,NA,38.34979,121.649456,NA,NA,NA,NA,NA,NA,NA,NA,NA,NA,"Boat"," ",NA,NA,NA,NA,NA,NA,NA,NA," false"," "," ","","03",NA," 1-33%"," Garmin 6",2,"Lowrance"," ",NA,"true","Mudsucker","DMC;ED;DH;AM","Stairsteps-Liberty Cut","11/20/2023","STAI-N","1=0-33% clouds","1=wind 1-3 mph; scaley ripples"," N"," 4=flood",91,12.4,9.45,242,7.6,4.7,0.12,0.32,10.8," 1=absent",2," Inside",NA," false"," ",2023-11-20,2023,11,"2023-11-20 13:02","Fall","Lowrance",1.6,1.6,1.6,168.922111459686,NA,NA,NA,15747,2,0,"","",NA,"",31039,210,NA,"true",0,0,0,20,0,0,NA,"FRP23-024","false","false","","HITCH","HCH","HCH","Hitch","Fish","exilicauda","Lavinia","Cyprinidae","Cypriniformes","Actinopterygii","Chordata","Native","Moderate Concern","","MC","",FALSE,"Present",NA,"Sacramento Hitch","Fish Larvae","Fish Larvae","fish","fish","Sacramento Hitch",2,"LAMOPE06-STAI-20NOV2023","Hitch",0,118.397762301077,118.397762301077,3196.73958212908,0.037037037037037
"36","LAMOPE06-WING-03MAY2023","974",469,13471,8070,"true","Seine","LAMOPE","","1. No twists; snags; or tears"," 2= against flow"," ",1,NA,NA,NA,"","13:18","",NA,NA,NA,38.214504,122.037213,NA,NA,NA,NA,NA,NA,NA,NA,NA,NA,"Boat"," ",NA,NA,NA,NA,NA,NA,NA,NA," false"," "," ","","3",NA," 0%"," ",NA,""," depth from handheld. gps 5; accuracy 2m. not paired",NA,"true","Mudsucker","DMC;ED;AM","Wings Landing","05/03/2023","WING-TP-INT","3=66-100% clouds","1=wind 1-3 mph; scaley ripples"," NE"," 4=flood",24,16.7,7.24,2185,7.8,48.5,1.09,1.84,46.6," 1=absent",1," Inside",NA," false"," ",2023-05-03,2023,5,"2023-05-03 13:18","Spring","Handheld depth finder",1,1,1,107.56568890144,NA,NA,NA,15354,1,0,"","",NA,"",29928,310,NA,"true",0,0,0,0,0,0,NA,"","false","false","","SPLITT","ST","SPLT","Splittail","Fish","macrolepidotus","Pogonichthys","Cyprinidae","Cypriniformes","Actinopterygii","Chordata","Native","Moderate Concern","","MC","",FALSE,"Present",NA,"Sacramento Splittail","Fish Larvae","Fish Larvae","fish","fish","Sacramento Splittail",1,"LAMOPE06-WING-03MAY2023","Splittail",0,92.9664477783689,92.9664477783689,185.932895556738,0.5
"37","LAMOPE07-BROW-08FEB2023","238",480,12324,7324,"true","Seine","LAMOPE","","1. No twists; snags; or tears"," 2= against flow"," ",2.5,NA,NA,NA,"","12:40","",NA,NA,NA,38.032552,121.857327,NA,NA,NA,NA,NA,NA,NA,NA,NA,NA,"Boat"," ",NA,NA,NA,NA,NA,NA,NA,NA," false"," "," ","","3",NA," 1-33%"," ",NA,""," not paired. gps 5; accuracy 2m. unid shrimp - broken rostrum",NA,"true","Mudsucker","CB;ED;GU;GN;GP","Browns Island","02/08/2023","BROW-EXT-S","1=0-33% clouds","0=Calm; glassy"," NE"," 4=flood",NA,9.6,10.58,295,7.6,23.2,0.29,0.59,21," 1=absent",2," Inside",NA," false"," Guest: Leigh Sanders",2023-02-08,2023,2,"2023-02-08 12:40","Winter","",2.8,2.8,2.8,273.23299231529,NA,NA,NA,14568,1,0,"","",NA,"",28402,595,NA,"true",0,0,0,0,0,0,NA,"","false","false","","STRBAS","SB","STB","Striped Bass","Fish","saxatilis","Morone","Moronidae","Perciformes","Actinopterygii","Chordata","Introduced","","","","larvae",FALSE,"Present",NA,"Striped Bass","Fish Larvae","Fish Larvae","fish","fish","Striped Bass",1,"LAMOPE07-BROW-08FEB2023","Striped Bass",0,36.5988013206721,36.5988013206721,512.383218489409,0.0714285714285714
"38","LAMOPE07-CHIP-12JAN2023","974",469,12260,7256,"true","Seine","LAMOPE","","1. No twists; snags; or tears"," 2= against flow"," ",1.2,NA,NA,NA,"","11:40","",NA,NA,NA,38.059639,121.918052,NA,NA,NA,NA,NA,NA,NA,NA,NA,NA,"Boat"," ",NA,NA,NA,NA,NA,NA,NA,NA," false"," "," ","","1",NA," 0%"," ",NA,""," gps 5; accuracy 2m. not paired.",NA,"true","Mudsucker","MA;AC;ED;GP","Chipps Island","01/12/2023","CHIP-UNK","2=33-66% clouds","1=wind 1-3 mph; scaley ripples"," SE"," 2=ebb",19,10.2,9.02,555,7.2,66.9,0.86,0.6,17," 1=absent",1," Inside",NA," false"," ",2023-01-12,2023,1,"2023-01-12 11:40","Winter","",1.5,1.5,1.5,159.12201242824,NA,NA,NA,14383,1,0,"","",NA,"",28090,281,NA,"true",0,0,0,0,0,0,NA,"","false","false","","SPLITT","ST","SPLT","Splittail","Fish","macrolepidotus","Pogonichthys","Cyprinidae","Cypriniformes","Actinopterygii","Chordata","Native","Moderate Concern","","MC","",FALSE,"Present",NA,"Sacramento Splittail","Fish Larvae","Fish Larvae","fish","fish","Sacramento Splittail",1,"LAMOPE07-CHIP-12JAN2023","Splittail",0,62.8448562671978,62.8448562671978,125.689712534396,0.5
"39","LAMOPE07-CHIP-15MAR2023","238",480,12395,7375,"true","Seine","LAMOPE","","1. No twists; snags; or tears"," 2= against flow"," ",1.6,NA,NA,NA,"","11:43","",NA,NA,NA,38.0532,121.932045,NA,NA,NA,NA,NA,NA,NA,NA,NA,NA,"Boat"," ",NA,NA,NA,NA,NA,NA,NA,NA," false"," "," ","","3",NA," 1-33%"," ",NA,""," gps#5; accuracy: 3m; ",NA,"true","Mudsucker","DMC;ED;AM;KMP","Chipps Island","03/15/2023","CHIP-UNK","1=0-33% clouds","1=wind 1-3 mph; scaley ripples"," NW"," 2=ebb",24,10.8,10.41,177,7.6,38.3,0.55,0.64,13.1," 1=absent",1," Inside",NA," false"," ",2023-03-15,2023,3,"2023-03-15 11:43","Spring","",1.9,1.9,1.9,197.300077206198,NA,NA,NA,14770,1,0,"","",NA,"",28754,373,NA,"true",0,0,0,0,0,0,NA,"","false","false","","STRBAS","SB","STB","Striped Bass","Fish","saxatilis","Morone","Moronidae","Perciformes","Actinopterygii","Chordata","Introduced","","","","larvae",FALSE,"Present",NA,"Striped Bass","Fish Larvae","Fish Larvae","fish","fish","Striped Bass",1,"LAMOPE07-CHIP-15MAR2023","Striped Bass",0,50.6842173688001,50.6842173688001,152.0526521064,0.333333333333333
"40","LAMOPE07-NURS-19JAN2023","974",469,12275,7271,"true","Seine","LAMOPE","","1. No twists; snags; or tears"," 2= against flow"," ",2.3,NA,NA,NA,"","10:20","",NA,NA,NA,38.17696,121.920852,NA,NA,NA,NA,NA,NA,NA,NA,NA,NA,"Boat"," ",NA,NA,NA,NA,NA,NA,NA,NA," false"," "," ","","1",NA," 1-33%"," ",NA,""," gps 5; accuracy 2. not paired. pulled net through tule (californicus)",NA,"true","Mudsucker","AC;ED;GP;KS","Nurse-Denverton","01/19/2023","NURS-LHB-SW","1=0-33% clouds","2= wind 4-7 mph; small wavelets"," NW"," 4=flood",12,10.1,8.56,894,7.3,97.8,1.07,1.06,22.9," 1=absent",1," Inside",NA," false"," ",2023-01-19,2023,1,"2023-01-19 10:20","Winter","",2.6,2.6,2.6,257.551731085734,NA,NA,NA,14421,1,0,"","",NA,"",28144,156,NA,"true",0,0,0,0,0,0,NA,"","false","false","","SPLITT","ST","SPLT","Splittail","Fish","macrolepidotus","Pogonichthys","Cyprinidae","Cypriniformes","Actinopterygii","Chordata","Native","Moderate Concern","","MC","",FALSE,"Present",NA,"Sacramento Splittail","Fish Larvae","Fish Larvae","fish","fish","Sacramento Splittail",1,"LAMOPE07-NURS-19JAN2023","Splittail",0,38.8271511817996,38.8271511817996,271.790058272597,0.142857142857143
"41","LAMOPE07-RYER-22DEC2023","238",480,13986,8486,"true","Seine","LAMOPE","","1. No twists; snags; or tears"," 2= against flow"," ",1.6,NA,NA,NA,"","12:45","",NA,NA,NA,38.084348,122.009144,NA,NA,NA,NA,NA,NA,NA,NA,NA,NA,"Boat"," ",NA,NA,NA,NA,NA,NA,NA,NA," false"," "," ","","3",NA," 1-33%"," Garmin 6",2,"Lowrance"," ",NA,"true","Mudsucker","ED;DD;GU;AM","Ryer Island","12/22/2023","RYER-N","1=0-33% clouds","1=wind 1-3 mph; scaley ripples"," SW"," 2=ebb",57,11.6,8.85,17263,7.5,8.5,0.1,0.38,8.7," 1=absent",2," Inside",NA," false"," ",2023-12-22,2023,12,"2023-12-22 12:45","Fall","Lowrance",1.9,1.9,1.9,197.300077206198,NA,NA,NA,16001,1,0,"","",NA,"",32240,443,NA,"true",0,0,0,0,0,0,NA,"","false","false","","STRBAS","SB","STB","Striped Bass","Fish","saxatilis","Morone","Moronidae","Perciformes","Actinopterygii","Chordata","Introduced","","","","larvae",FALSE,"Present",NA,"Striped Bass","Fish Larvae","Fish Larvae","fish","fish","Striped Bass",1,"LAMOPE07-RYER-22DEC2023","Striped Bass",0,50.6842173688001,50.6842173688001,1317.7896515888,0.0384615384615385
"42","LAMOPE08-GRIZ-26JAN2023","238",480,12304,7304,"true","Seine","LAMOPE","","1. No twists; snags; or tears"," 2= against flow"," ",1.3,NA,NA,NA,"","11:03","",NA,NA,NA,38.130554,122.008894,NA,NA,NA,NA,NA,NA,NA,NA,NA,NA,"Boat"," ",NA,NA,NA,NA,NA,NA,NA,NA," false"," "," ","","3",NA," 0%"," Garmin 5",6,""," not paired. gps 5; accuracy 6m. ripped hole in cod end of lam01; switch to lam03. strbas with very few stripes; more checkered pattern.",NA,"true","Mudsucker","ED;SH;GP;KS","Grizzly Bay","01/26/2023","GRIZ-UNK","1=0-33% clouds","2= wind 4-7 mph; small wavelets"," NE"," 2=ebb",14,9,11.25,658,7.7,116.4,0.59,1,14.7," 1=absent",2," Inside",NA," false"," ",2023-01-26,2023,1,"2023-01-26 11:03","Winter","",1.6,1.6,1.6,168.922111459686,NA,NA,NA,14528,1,0,"","",NA,"",28324,331,NA,"true",0,0,0,0,0,0,NA,"","false","false","","STRBAS","SB","STB","Striped Bass","Fish","saxatilis","Morone","Moronidae","Perciformes","Actinopterygii","Chordata","Introduced","","","","larvae",FALSE,"Present",NA,"Striped Bass","Fish Larvae","Fish Larvae","fish","fish","Striped Bass",1,"LAMOPE08-GRIZ-26JAN2023","Striped Bass",0,59.1988811505385,59.1988811505385,59.1988811505385,1
"43","LAMOPE10-ARNO-19JAN2023","974",469,12278,7274,"true","Seine","LAMOPE","","1. No twists; snags; or tears"," 2= against flow"," ",1.6,NA,NA,NA,"","11:25","",NA,NA,NA,38.175538,121.907831,NA,NA,NA,NA,NA,NA,NA,NA,NA,NA,"Boat"," ",NA,NA,NA,NA,NA,NA,NA,NA," false"," "," ","","1",NA," 0%"," ",NA,""," gps 5; accuracy 2. not paired. thrsti collected in etoh frp23-505",NA,"true","Mudsucker","AC;ED;GP;KS","Arnold Slough","01/19/2023","ARNO-CH-NE","1=0-33% clouds","1=wind 1-3 mph; scaley ripples"," NE"," 4=flood",12,10,8.73,898,7.3,84.2,1.02,1.04,24," 1=absent",1," Inside",NA," false"," ",2023-01-19,2023,1,"2023-01-19 11:25","Winter","",1.9,1.9,1.9,197.300077206198,NA,NA,NA,14430,1,0,"","",NA,"",28162,272,NA,"true",0,0,0,0,0,0,NA,"","false","false","","SPLITT","ST","SPLT","Splittail","Fish","macrolepidotus","Pogonichthys","Cyprinidae","Cypriniformes","Actinopterygii","Chordata","Native","Moderate Concern","","MC","",FALSE,"Present",NA,"Sacramento Splittail","Fish Larvae","Fish Larvae","fish","fish","Sacramento Splittail",1,"LAMOPE10-ARNO-19JAN2023","Splittail",0,50.6842173688001,50.6842173688001,405.473738950401,0.125
"44","LAMOPE10-ARNO-19JAN2023","977",475,12278,7274,"true","Seine","LAMOPE","","1. No twists; snags; or tears"," 2= against flow"," ",1.6,NA,NA,NA,"","11:25","",NA,NA,NA,38.175538,121.907831,NA,NA,NA,NA,NA,NA,NA,NA,NA,NA,"Boat"," ",NA,NA,NA,NA,NA,NA,NA,NA," false"," "," ","","1",NA," 0%"," ",NA,""," gps 5; accuracy 2. not paired. thrsti collected in etoh frp23-505",NA,"true","Mudsucker","AC;ED;GP;KS","Arnold Slough","01/19/2023","ARNO-CH-NE","1=0-33% clouds","1=wind 1-3 mph; scaley ripples"," NE"," 4=flood",12,10,8.73,898,7.3,84.2,1.02,1.04,24," 1=absent",1," Inside",NA," false"," ",2023-01-19,2023,1,"2023-01-19 11:25","Winter","",1.9,1.9,1.9,197.300077206198,NA,NA,NA,14429,1,0,"","",NA,"AD CLIPPED",28161,218,NA,"true",0,0,0,0,0,0,NA,"","true","false","AD CLIPPED","STEELH","RT","RBT","Steelhead","Fish","mykiss","Oncorhynchus","Salmonidae","Salmoniformes","Actinopterygii","Chordata","Native","","","","",FALSE,"Present",NA,"Steelhead","Fish Larvae","Fish Larvae","fish","fish","Steelhead",1,"LAMOPE10-ARNO-19JAN2023","Steelhead",0,50.6842173688001,50.6842173688001,405.473738950401,0.125
"45","LAMOPE10-HONK-12JAN2023","974",469,12263,7259,"true","Seine","LAMOPE","","1. No twists; snags; or tears"," 2= against flow"," ",1.9,NA,NA,NA,"","12:58","",NA,NA,NA,38.071505,121.910893,NA,NA,NA,NA,NA,NA,NA,NA,NA,NA,"Boat"," ",NA,NA,NA,NA,NA,NA,NA,NA," false"," "," ","","1",NA," 1-33%"," ",NA,""," gps 5; accuracy 2m. not paired. ",NA,"true","Mudsucker","MA;AC;ED;GP","Honker-Spoonbill","01/12/2023","HONK-HONK","2=33-66% clouds","1=wind 1-3 mph; scaley ripples"," NE"," 2=ebb",10,10.7,10.22,233,7.5,104.3,0.93,0.64,14.3," 1=absent",1," Inside",NA," false"," ",2023-01-12,2023,1,"2023-01-12 12:58","Winter","",2.2,2.2,2.2,224.14454593097,NA,NA,NA,14390,2,0,"","",NA,"",28102,211,NA,"true",0,0,0,0,0,0,NA,"","false","false","","SPLITT","ST","SPLT","Splittail","Fish","macrolepidotus","Pogonichthys","Cyprinidae","Cypriniformes","Actinopterygii","Chordata","Native","Moderate Concern","","MC","",FALSE,"Present",NA,"Sacramento Splittail","Fish Larvae","Fish Larvae","fish","fish","Sacramento Splittail",2,"LAMOPE10-HONK-12JAN2023","Splittail",0,89.2281358751395,89.2281358751395,579.982883188407,0.153846153846154
"46","LAMOPE10-NURS-16MAR2023","924",110,12462,7442,"true","Seine","LAMOPE","","1. No twists; snags; or tears"," 2= against flow"," ",1.8,NA,NA,NA,"","12:54","",NA,NA,NA,38.183715,121.91357,NA,NA,NA,NA,NA,NA,NA,NA,NA,NA,"Boat"," ",NA,NA,NA,NA,NA,NA,NA,NA," false"," "," ","","3",NA," 0%"," ",NA,""," gps 5; accuracy 2m. not paired. ",NA,"true","Mudsucker","AC;ED;AM;GP","Nurse-Denverton","03/16/2023","NURS-LHB-NE","1=0-33% clouds","1=wind 1-3 mph; scaley ripples"," NE"," 2=ebb",30,12.9,9.27,1232,7.3,27.3,0.53,1.21,24.4," 1=absent",1," Inside",NA," false"," ",2023-03-16,2023,3,"2023-03-16 12:54","Spring","",2.1,2.1,2.1,215.36677824735,NA,NA,NA,14854,1,0,"","",NA,"",28842,520,NA,"true",20,0,0,0,0,0,NA,"","false","false","","COMCAR","CP","C","Common Carp","Fish","carpio","Cyprinus","Cyprinidae","Cypriniformes","Actinopterygii","Chordata","Introduced","","","","",FALSE,"Present",NA,"Common Carp","Fish Larvae","Fish Larvae","fish","fish","Common Carp",1,"LAMOPE10-NURS-16MAR2023","Common Carp",0,46.4324167421724,46.4324167421724,371.459333937379,0.125
"47","LAMOPE10-STAI-25JAN2023","912",51,12290,7290,"true","Seine","LAMOPE","","1. No twists; snags; or tears"," 2= against flow"," ",2.8,NA,NA,NA,"","14:15","",NA,NA,NA,38.303006,121.667441,NA,NA,NA,NA,NA,NA,NA,NA,NA,NA,"Boat"," ",NA,NA,NA,NA,NA,NA,NA,NA," false"," "," ","","3",NA," 1-33%"," ",NA,""," not paired. gps 5; accuracy 2m.",NA,"true","Mudsucker","ED;GU;GN;GP","Stairsteps-Liberty Cut","01/25/2023","STAI-LIBE","1=0-33% clouds","1=wind 1-3 mph; scaley ripples"," N"," 2=ebb",13,8.2,8.41,302,7.4,101.8,1.04,0.8,17.6," 1=absent",1," Inside",NA," false"," LS = LEIGH SANDERS (GUEST)",2023-01-25,2023,1,"2023-01-25 14:15","Winter","",3.1,3.1,3.1,295.476969974838,NA,NA,NA,14495,1,0,"","",NA,"",28285,244,NA,"true",0,10,0,0,0,0,NA,"","false","false","","BLACRA","BC","BKS","Black Crappie","Fish","nigromaculatus","Pomoxis","Centrarchidae","Perciformes","Actinopterygii","Chordata","Introduced","","","","",FALSE,"Present",NA,"Black Crappie","Fish Larvae","Fish Larvae","fish","fish","Black Crappie",1,"LAMOPE10-STAI-25JAN2023","Black Crappie",0,33.8435851729885,33.8435851729885,101.530755518965,0.333333333333333
"48","LAMOPE11-CHIP-12JAN2023","974",469,12264,7260,"true","Seine","LAMOPE","","1. No twists; snags; or tears"," 2= against flow"," ",2.2,NA,NA,NA,"","13:28","",NA,NA,NA,38.06507,121.911757,NA,NA,NA,NA,NA,NA,NA,NA,NA,NA,"Boat"," ",NA,NA,NA,NA,NA,NA,NA,NA," false"," "," ","","1",NA," 0%"," Garmin 5",2,""," gps 5; accuracy 2. not paired. frp23-502 chisal-f 37 0 whole ice",NA,"true","Mudsucker","MA;AC;ED;GP","Chipps Island","01/12/2023","CHIP-UNK","3=66-100% clouds","1=wind 1-3 mph; scaley ripples"," NE"," 2=ebb",14,10.5,9.63,270,7.3,95.2,0.94,0.65,14.9," 1=absent",1," Inside",NA," false"," ",2023-01-12,2023,1,"2023-01-12 13:28","Winter","",2.5,2.5,2.5,249.455517634,NA,NA,NA,14399,1,0,"","",NA,"",28112,315,NA,"true",0,0,0,0,0,0,NA,"","false","false","","SPLITT","ST","SPLT","Splittail","Fish","macrolepidotus","Pogonichthys","Cyprinidae","Cypriniformes","Actinopterygii","Chordata","Native","Moderate Concern","","MC","",FALSE,"Present",NA,"Sacramento Splittail","Fish Larvae","Fish Larvae","fish","fish","Sacramento Splittail",1,"LAMOPE11-CHIP-12JAN2023","Splittail",0,40.0873073277616,40.0873073277616,80.1746146555231,0.5
"49","LAMOPE11-CHIP-15MAR2023","967",436,12404,7384,"true","Seine","LAMOPE","","1. No twists; snags; or tears"," 2= against flow"," ",2.2,NA,NA,NA,"","13:14","",NA,NA,NA,38.06171,121.909967,NA,NA,NA,NA,NA,NA,NA,NA,NA,NA,"Boat"," ",NA,NA,NA,NA,NA,NA,NA,NA," false"," "," ","","3",NA," 0%"," ",NA,""," gps 5; accuracy 3m. not paired. ",NA,"true","Mudsucker","DMC;ED;AM;KMP","Chipps Island","03/15/2023","CHIP-UNK","1=0-33% clouds","1=wind 1-3 mph; scaley ripples"," W"," 2=ebb",16,11.8,9.06,231,7.4,65.3,0.57,0.72,10.4," 1=absent",1," Inside",NA," false"," ",2023-03-15,2023,3,"2023-03-15 13:14","Spring","",2.5,2.5,2.5,249.455517634,NA,NA,NA,14784,1,0,"","",NA,"",28762,192,NA,"true",0,0,0,0,0,0,NA,"","false","false","","SACPIK","SPM","SAPM","Sacramento Pikeminnow","Fish","grandis","Ptychocheilus","Cyprinidae","Cypriniformes","Actinopterygii","Chordata","Native","","","","",FALSE,"Present",NA,"Sacramento Pikeminnow","Fish Larvae","Fish Larvae","fish","fish","Sacramento Pikeminnow",1,"LAMOPE11-CHIP-15MAR2023","Sacramento Pikeminnow",0,40.0873073277616,40.0873073277616,40.0873073277616,1
"50","LAMOPE11-LIBE-25JAN2023","937",233,12291,7291,"true","Seine","LAMOPE","","1. No twists; snags; or tears"," 2= against flow"," ",1.8,NA,NA,NA,"","14:48","",NA,NA,NA,38.25602,121.686229,NA,NA,NA,NA,NA,NA,NA,NA,NA,NA,"Boat"," ",NA,NA,NA,NA,NA,NA,NA,NA," false"," "," ","","3",NA," 34-66%"," ",NA,""," not paired. gps 5; accuracy 2m. many tiny snails in sav. unid shrimp due to broken rostrum",NA,"true","Mudsucker","ED;GU;GN;GP","Liberty Island","01/25/2023","LIBE_UNK","1=0-33% clouds","2= wind 4-7 mph; small wavelets"," N"," 4=flood",13,8.7,9.6,252,7.5,101.5,1.08,0.66,16.1," 1=absent",1," Inside",NA," false"," LEIGH SANDERS IS GUEST",2023-01-25,2023,1,"2023-01-25 14:48","Winter","",2.1,2.1,2.1,215.36677824735,NA,NA,NA,14503,1,0,"","",NA,"",28290,186,NA,"true",0,0,0,30,0,0,NA,"FRP23-003","false","false","Fin clip in ETOH","HITCH","HCH","HCH","Hitch","Fish","exilicauda","Lavinia","Cyprinidae","Cypriniformes","Actinopterygii","Chordata","Native","Moderate Concern","","MC","",FALSE,"Present",NA,"Sacramento Hitch","Fish Larvae","Fish Larvae","fish","fish","Sacramento Hitch",1,"LAMOPE11-LIBE-25JAN2023","Hitch",0,46.4324167421724,46.4324167421724,325.026917195207,0.142857142857143
"51","LAMOPE12-BROW-15NOV2023","238",480,13805,8365,"true","Seine","LAMOPE","","1. No twists; snags; or tears"," 2= against flow"," ",1.4,NA,NA,NA,"","14:58","",NA,NA,NA,38.033894,121.854384,NA,NA,NA,NA,NA,NA,NA,NA,NA,NA,"Boat"," ",NA,NA,NA,NA,NA,NA,NA,NA," false"," "," ","","03",NA," 1-33%"," Garmin 6",5,"Lowrance"," ",NA,"true","Mudsucker","AC;ED;DH;AM","Browns Island","11/15/2023","BROW-EXT-S","3=66-100% clouds","1=wind 1-3 mph; scaley ripples"," E"," 4=flood",76,15.7,8.63,6373,7.5,7.5,0.18,0.5,6.7," 1=absent",2," Inside",NA," false"," ",2023-11-15,2023,11,"2023-11-15 14:58","Fall","Lowrance",1.7,1.7,1.7,178.551821933162,NA,NA,NA,15706,1,0,"","",NA,"",30703,305,NA,"true",0,0,0,0,0,0,NA,"","false","false","","STRBAS","SB","STB","Striped Bass","Fish","saxatilis","Morone","Moronidae","Perciformes","Actinopterygii","Chordata","Introduced","","","","larvae",FALSE,"Present",NA,"Striped Bass","Fish Larvae","Fish Larvae","fish","fish","Striped Bass",1,"LAMOPE12-BROW-15NOV2023","Striped Bass",0,56.0061493169381,56.0061493169381,4984.54728920749,0.0112359550561798
"52","LAMOPE14-BROA-12JAN2023","967",436,12267,7263,"true","Seine","LAMOPE","","2. Partial twist; snag; or tear"," 2= against flow"," ",3.8,NA,NA,NA,"","14:42","",NA,NA,NA,38.038558,121.844333,NA,NA,NA,NA,NA,NA,NA,NA,NA,NA,"Boat"," ",NA,NA,NA,NA,NA,NA,NA,NA," false"," "," ","","1",NA," 0%"," ",NA,""," gps 5; accuracy 2. not paired. seine code 2 - depth",NA,"true","Mudsucker","MA;AC;ED;GP","Broad Slough","01/12/2023","BROA-INT","3=66-100% clouds","1=wind 1-3 mph; scaley ripples"," E"," 4=flood",17,10.6,10.14,206,7.4,68.7,0.85,0.71,22.6," 1=absent",1," Inside",NA," false"," ",2023-01-12,2023,1,"2023-01-12 14:42","Winter","",4.1,4.1,4.1,332.7,NA,NA,NA,14405,1,0,"","",NA,"",28117,466,NA,"true",0,0,0,0,0,0,NA,"","false","false","","SACPIK","SPM","SAPM","Sacramento Pikeminnow","Fish","grandis","Ptychocheilus","Cyprinidae","Cypriniformes","Actinopterygii","Chordata","Native","","","","",FALSE,"Present",NA,"Sacramento Pikeminnow","Fish Larvae","Fish Larvae","fish","fish","Sacramento Pikeminnow",1,"LAMOPE14-BROA-12JAN2023","Sacramento Pikeminnow",0,30.0571085061617,30.0571085061617,30.0571085061617,1
"53","LAMOPE14-CHIP-08FEB2023","985",523,12331,7331,"true","Seine","LAMOPE","","1. No twists; snags; or tears"," 2= against flow"," ",1.2,NA,NA,NA,"","15:44","",NA,NA,NA,38.064156,121.911284,NA,NA,NA,NA,NA,NA,NA,NA,NA,NA,"Boat"," ",NA,NA,NA,NA,NA,NA,NA,NA," false"," "," ","","3",NA," 0%"," ",NA,""," not paired. gps 5; accuracy 4m. chisal-f collected for ucd",NA,"true","Mudsucker","CB;ED;GU;GN;GP","Chipps Island","02/08/2023","CHIP-UNK","1=0-33% clouds","0=Calm; glassy"," NE"," 2=ebb",23,10.9,10.82,416,7.7,30.5,0.32,0.58,14.7," 1=absent",2," Inside",NA," false"," Guest: Leigh Sanders",2023-02-08,2023,2,"2023-02-08 15:44","Winter","",1.5,1.5,1.5,159.12201242824,NA,NA,NA,14582,1,0,"","",NA,"",28421,154,NA,"true",0,0,0,0,0,0,NA,"","false","false","","TULPER","TP","TP","Tule Perch","Fish","traski","Hysterocarpus","Embiotocidae","","Actinopterygii","Chordata","Native","","","","",FALSE,"Present",NA,"Tule Perch","Fish Larvae","Fish Larvae","fish","fish","Tule Perch",1,"LAMOPE14-CHIP-08FEB2023","Tule Perch",0,62.8448562671978,62.8448562671978,125.689712534396,0.5
"54","LAMOPE15-BROA-12JAN2023","967",436,12268,7264,"true","Seine","LAMOPE","","1. No twists; snags; or tears"," 2= against flow"," ",3,NA,NA,NA,"","15:01","",NA,NA,NA,38.032679,121.839569,NA,NA,NA,NA,NA,NA,NA,NA,NA,NA,"Boat"," ",NA,NA,NA,NA,NA,NA,NA,NA," false"," "," ","","1",NA," 0%"," ",NA,""," gps 5; accuracy 2. not paired.",NA,"true","Mudsucker","MA;AC;ED;GP","Broad Slough","01/12/2023","BROA-INT","3=66-100% clouds","1=wind 1-3 mph; scaley ripples"," E"," 4=flood",17,10.4,10.12,214,7.4,65.6,0.86,0.73,23.4," 1=absent",1," Inside",NA," false"," ",2023-01-12,2023,1,"2023-01-12 15:01","Winter","",3.3,3.3,3.3,309.454345624682,NA,NA,NA,14406,1,0,"","",NA,"",28118,308,NA,"true",0,10,0,0,0,0,NA,"","false","false","","SACPIK","SPM","SAPM","Sacramento Pikeminnow","Fish","grandis","Ptychocheilus","Cyprinidae","Cypriniformes","Actinopterygii","Chordata","Native","","","","",FALSE,"Present",NA,"Sacramento Pikeminnow","Fish Larvae","Fish Larvae","fish","fish","Sacramento Pikeminnow",1,"LAMOPE15-BROA-12JAN2023","Sacramento Pikeminnow",0,32.3149444866042,32.3149444866042,32.3149444866042,1
"55","OTTTRA03-TULE-15JUN2023","974",469,13481,8078,"true","Trawl","OTTTRA","","1. No twists; snags; or tears"," 2= against flow"," ",1.4,NA,6,NA,"","10:22","10:32",10,NA,NA,38.122096,121.983129,38.126071,121.986332,31510,335074,358236,NA,NA,NA,NA,NA,""," ",NA,NA,NA,NA,NA,NA,NA,NA," false"," "," ","1.Boat","1",NA," 0%"," Garmin 5",2,""," seine code 1",NA,"true","Kvichak","AC;ED;SH;AM","Tule Red","06/15/2023","TULE-CH-LG-SE","1=0-33% clouds","1=wind 1-3 mph; scaley ripples"," W"," 4=flood",24,19,6.46,631,7.3,50.8,0.39,1.09,19.5," 1=absent",2," Inside",NA," false"," ",2023-06-15,2023,6,"2023-06-15 10:22","Summer","",1.4,1.65,1.65,1711.498085,23162,23162,2316.2,15388,2,0,"","",NA,"",30056,258,NA,"true",0,0,0,0,0,0,NA,"","false","false","","SPLITT","ST","SPLT","Splittail","Fish","macrolepidotus","Pogonichthys","Cyprinidae","Cypriniformes","Actinopterygii","Chordata","Native","Moderate Concern","","MC","",FALSE,"Present",NA,"Sacramento Splittail","Fish Larvae","Fish Larvae","fish","fish","Sacramento Splittail",2,"OTTTRA03-TULE-15JUN2023","Splittail",0,11.6856689325481,11.6856689325481,210.342040785865,0.0555555555555556
"56","OTTTRA05-HORS-21JUN2023","976",473,13495,8092,"true","Trawl","OTTTRA","","1. No twists; snags; or tears"," 2= against flow"," ",3,NA,16,NA,"","13:54","14:04",10,NA,NA,38.091217,121.708706,38.085413,121.71179,31510,593906,610660,NA,NA,NA,NA,NA,""," ",NA,NA,NA,NA,NA,NA,NA,NA," false"," "," ","1.Boat","1",NA," 1-33%"," Garmin 5",2,""," ",NA,"true","Kvichak","CB;ED;SH;AM","Horseshoe Bend","06/21/2023","HORS-M","1=0-33% clouds","2= wind 4-7 mph; small wavelets"," SW"," 3=low slack",108,20.9,8.26,104,7.5,5.6,0.16,0.45,9.7," 1=absent",2," Inside",NA," false"," ",2023-06-21,2023,6,"2023-06-21 13:54","Summer","",3,3.25,3.25,1237.994945,16754,16754,1675.4,15449,2,0,"","",NA,"",30382,201,NA,"true",0,0,0,0,0,0,NA,"","false","false","","STAFLO","SF","STF","Starry Flounder","Fish","stellatus","Platichthys","Pleuronectidae","Pleuronectiformes","Actinopterygii","Chordata","Native","","","","",FALSE,"Present",NA,"Starry Flounder","Fish Larvae","Fish Larvae","fish","fish","Starry Flounder",2,"OTTTRA05-HORS-21JUN2023","Starry Flounder",0,16.155154817696,16.155154817696,16.155154817696,1
