"","SampleID","Date","Location","Station","GearTypeAbbreviation","Legend2","year","Season","tCPUEbySpp"
"1","MAC11-ARNO-03APR2023","2023-04-03","Arnold Slough","ARNO-UNK","MAC","No Catch",2023,"Spring",0
"2","MAC11-ARNO-03APR2023","2023-04-03","Arnold Slough","ARNO-UNK","MAC","Fish UNID",2023,"Spring",110.836502059056
"3","MAC11-ARNO-03APR2023","2023-04-03","Arnold Slough","ARNO-UNK","MAC","Prickly Sculpin*",2023,"Spring",11859.505720319
"4","MAC11-ARNO-03APR2023","2023-04-03","Arnold Slough","ARNO-UNK","MAC","Sacramento Splittail*",2023,"Spring",110.836502059056
"5","MAC11-BLAC-30MAR2023","2023-03-30","Blacklock","BLAC-INT","MAC","No Catch",2023,"Spring",0
"6","MAC11-BLAC-30MAR2023","2023-03-30","Blacklock","BLAC-INT","MAC","Fish UNID",2023,"Spring",126.53180322525
"7","MAC11-BLAC-30MAR2023","2023-03-30","Blacklock","BLAC-INT","MAC","Longfin Smelt*",2023,"Spring",126.53180322525
"8","MAC11-BLAC-30MAR2023","2023-03-30","Blacklock","BLAC-INT","MAC","Prickly Sculpin*",2023,"Spring",2783.69967095551
"9","MAC11-BRAD-29MAR2023","2023-03-29","Bradmoor Island","BRAD-SS","MAC","No Catch",2023,"Spring",0
"10","MAC11-BROW-16MAY2023","2023-05-16","Browns Island","BROW-CH-W","MAC","No Catch",2023,"Spring",0
"11","MAC11-BROW-16MAY2023","2023-05-16","Browns Island","BROW-CH-W","MAC","Mississippi Silverside",2023,"Spring",249.3839527216
"12","MAC11-BROW-16MAY2023","2023-05-16","Browns Island","BROW-CH-W","MAC","Prickly Sculpin*",2023,"Spring",498.7679054432
"13","MAC11-BROW-16MAY2023","2023-05-16","Browns Island","BROW-CH-W","MAC","Striped Bass",2023,"Spring",249.3839527216
"14","MAC11-CHIP-15MAY2023","2023-05-15","Chipps Island","CHIP-UNK","MAC","No Catch",2023,"Spring",0
"15","MAC11-CHIP-15MAY2023","2023-05-15","Chipps Island","CHIP-UNK","MAC","Fish Eggs",2023,"Spring",164.128635031419
"16","MAC11-CHIP-15MAY2023","2023-05-15","Chipps Island","CHIP-UNK","MAC","Prickly Sculpin*",2023,"Spring",492.385905094258
"17","MAC11-CHIP-15MAY2023","2023-05-15","Chipps Island","CHIP-UNK","MAC","Sacramento Splittail*",2023,"Spring",164.128635031419
"18","MAC11-DECK-08NOV2023","2023-11-08","Decker Island","DECK-CH-INT","MAC","No Catch",2023,"Fall",0
"19","MAC11-DECK-11APR2023","2023-04-11","Decker Island","DECK-CH-INT","MAC","No Catch",2023,"Spring",0
"20","MAC11-DECK-11APR2023","2023-04-11","Decker Island","DECK-CH-INT","MAC","Cyprinid spp.",2023,"Spring",960.9355054605
"21","MAC11-DECK-11APR2023","2023-04-11","Decker Island","DECK-CH-INT","MAC","Prickly Sculpin*",2023,"Spring",2882.8065163815
"22","MAC11-DECK-11APR2023","2023-04-11","Decker Island","DECK-CH-INT","MAC","Sacramento Splittail*",2023,"Spring",960.9355054605
"23","MAC11-DECK-21AUG2023","2023-08-21","Decker Island","DECK-TP","MAC","No Catch",2023,"Summer",0
"24","MAC11-FLYW-06NOV2023","2023-11-06","Flyway Farms","FLYW-UNK","MAC","No Catch",2023,"Fall",0
"25","MAC11-FLYW-06NOV2023","2023-11-06","Flyway Farms","FLYW-UNK","MAC","Egg Sacs",2023,"Fall",198.241982082406
"26","MAC11-LIBE-07NOV2023","2023-11-07","Liberty Island","LIBE_UNK","MAC","No Catch",2023,"Fall",0
"27","MAC11-LIBE-08MAY2023","2023-05-08","Liberty Island","LIBE_UNK","MAC","No Catch",2023,"Spring",0
"28","MAC11-LIBE-08MAY2023","2023-05-08","Liberty Island","LIBE_UNK","MAC","Centrarchidae larvae",2023,"Spring",85.8408075327385
"29","MAC11-LIBE-08MAY2023","2023-05-08","Liberty Island","LIBE_UNK","MAC","Mississippi Silverside",2023,"Spring",1287.61211299108
"30","MAC11-LIBE-08MAY2023","2023-05-08","Liberty Island","LIBE_UNK","MAC","Prickly Sculpin*",2023,"Spring",515.044845196431
"31","MAC11-LIBE-08MAY2023","2023-05-08","Liberty Island","LIBE_UNK","MAC","Sacramento Splittail*",2023,"Spring",2231.8609958512
"32","MAC11-LIBE-08MAY2023","2023-05-08","Liberty Island","LIBE_UNK","MAC","Tridentiger spp.",2023,"Spring",85.8408075327385
"33","MAC11-LIBE-17AUG2023","2023-08-17","Liberty Island","LIBE_UNK","MAC","No Catch",2023,"Summer",0
"34","MAC11-LOWE-06NOV2023","2023-11-06","Lower Yolo Ranch","LOWE-UNK","MAC","No Catch",2023,"Fall",0
"35","MAC11-LOWE-09MAY2023","2023-05-09","Lower Yolo Ranch","LOWE-CH-W","MAC","No Catch",2023,"Spring",0
"36","MAC11-LOWE-09MAY2023","2023-05-09","Lower Yolo Ranch","LOWE-CH-W","MAC","Fish Eggs",2023,"Spring",184.671702675547
"37","MAC11-LOWE-09MAY2023","2023-05-09","Lower Yolo Ranch","LOWE-CH-W","MAC","Fish UNID",2023,"Spring",369.343405351094
"38","MAC11-LOWE-09MAY2023","2023-05-09","Lower Yolo Ranch","LOWE-CH-W","MAC","Mississippi Silverside",2023,"Spring",646.350959364414
"39","MAC11-LOWE-09MAY2023","2023-05-09","Lower Yolo Ranch","LOWE-CH-W","MAC","Prickly Sculpin*",2023,"Spring",646.350959364414
"40","MAC11-LOWE-16AUG2023","2023-08-16","Lower Yolo Ranch","LOWE-CH-ENTRANCE-N","MAC","No Catch",2023,"Summer",0
"41","MAC11-MINE-27APR2023","2023-04-27","Miner Slough","MINE-S","MAC","No Catch",2023,"Spring",0
"42","MAC11-MINE-27APR2023","2023-04-27","Miner Slough","MINE-S","MAC","Fish Eggs",2023,"Spring",927.595398572187
"43","MAC11-MINE-27APR2023","2023-04-27","Miner Slough","MINE-S","MAC","Fish UNID",2023,"Spring",811.645973750664
"44","MAC11-MINE-27APR2023","2023-04-27","Miner Slough","MINE-S","MAC","Prickly Sculpin*",2023,"Spring",1275.44367303676
"45","MAC11-MINE-27APR2023","2023-04-27","Miner Slough","MINE-S","MAC","Striped Bass",2023,"Spring",1855.19079714437
"46","MAC11-MINE-27APR2023","2023-04-27","Miner Slough","MINE-S","MAC","Tridentiger spp.",2023,"Spring",115.949424821523
"47","MAC11-PROS-10MAY2023","2023-05-10","Prospect Island","PROS-S","MAC","No Catch",2023,"Spring",0
"48","MAC11-PROS-10MAY2023","2023-05-10","Prospect Island","PROS-S","MAC","Fish Eggs",2023,"Spring",2655.21784794608
"49","MAC11-PROS-10MAY2023","2023-05-10","Prospect Island","PROS-S","MAC","Fish UNID",2023,"Spring",126.43894514029
"50","MAC11-PROS-10MAY2023","2023-05-10","Prospect Island","PROS-S","MAC","Mississippi Silverside",2023,"Spring",2149.46206738492
"51","MAC11-PROS-10MAY2023","2023-05-10","Prospect Island","PROS-S","MAC","Prickly Sculpin*",2023,"Spring",632.194725701448
"52","MAC11-RUSH-12APR2023","2023-04-12","Rush Ranch","RUSH-N","MAC","No Catch",2023,"Spring",0
"53","MAC11-RUSH-12APR2023","2023-04-12","Rush Ranch","RUSH-N","MAC","Mississippi Silverside",2023,"Spring",398.1916
"54","MAC11-RUSH-12APR2023","2023-04-12","Rush Ranch","RUSH-N","MAC","Prickly Sculpin*",2023,"Spring",7565.64211060998
"55","MAC11-RYER-14NOV2023","2023-11-14","Ryer Island","RYER-UNK","MAC","No Catch",2023,"Fall",0
"56","MAC11-RYER-14NOV2023","2023-11-14","Ryer Island","RYER-UNK","MAC","Northern Anchovy*",2023,"Fall",88.486009370987
"57","MAC11-RYER-18APR2023","2023-04-18","Ryer Island","RYER-S","MAC","No Catch",2023,"Spring",0
"58","MAC11-RYER-18APR2023","2023-04-18","Ryer Island","RYER-S","MAC","Prickly Sculpin*",2023,"Spring",530.173447046196
"59","MAC11-RYER-18APR2023","2023-04-18","Ryer Island","RYER-S","MAC","Wakasagi",2023,"Spring",88.3622411743659
"60","MAC11-STAI-24APR2023","2023-04-24","Stairsteps-Liberty Cut","STAI-S","MAC","No Catch",2023,"Spring",0
"61","MAC11-STAI-24APR2023","2023-04-24","Stairsteps-Liberty Cut","STAI-S","MAC","Bigscale Logperch",2023,"Spring",98.3341124219271
"62","MAC11-STAI-24APR2023","2023-04-24","Stairsteps-Liberty Cut","STAI-S","MAC","Fish Eggs",2023,"Spring",393.336449687708
"63","MAC11-STAI-24APR2023","2023-04-24","Stairsteps-Liberty Cut","STAI-S","MAC","Fish UNID",2023,"Spring",196.668224843854
"64","MAC11-STAI-24APR2023","2023-04-24","Stairsteps-Liberty Cut","STAI-S","MAC","Prickly Sculpin*",2023,"Spring",14651.7827508671
"65","MAC11-TOED-25APR2023","2023-04-25","Toe Drain","TOED-S","MAC","No Catch",2023,"Spring",0
"66","MAC11-TOED-25APR2023","2023-04-25","Toe Drain","TOED-S","MAC","Centrarchidae larvae",2023,"Spring",302.151248664686
"67","MAC11-TOED-25APR2023","2023-04-25","Toe Drain","TOED-S","MAC","Egg Sacs",2023,"Spring",201.434165776458
"68","MAC11-TOED-25APR2023","2023-04-25","Toe Drain","TOED-S","MAC","Prickly Sculpin*",2023,"Spring",503.585414441144
"69","MAC11-TULE-05SEP2023","2023-09-05","Tule Red","TULE-CH-LG-SE","MAC","No Catch",2023,"Fall",0
"70","MAC11-TULE-14NOV2023","2023-11-14","Tule Red","TULE-UNK","MAC","No Catch",2023,"Fall",0
"71","MAC11-TULE-17APR2023","2023-04-17","Tule Red","TULE-CH-SM-11","MAC","No Catch",2023,"Spring",0
"72","MAC11-TULE-17APR2023","2023-04-17","Tule Red","TULE-CH-SM-11","MAC","Prickly Sculpin*",2023,"Spring",36515.549207499
"73","MAC11-WING-13APR2023","2023-04-13","Wings Landing","WING-TP-INT","MAC","No Catch",2023,"Spring",0
"74","MAC11-WING-13APR2023","2023-04-13","Wings Landing","WING-TP-INT","MAC","Prickly Sculpin*",2023,"Spring",1425.87633716193
"75","MAC11-WINT-13NOV2023","2023-11-13","Winter Island","WINT-UNK","MAC","No Catch",2023,"Fall",0
"76","MAC11-WINT-13NOV2023","2023-11-13","Winter Island","WINT-UNK","MAC","Northern Anchovy*",2023,"Fall",335.076617522596
"77","MAC11-WINT-22AUG2023","2023-08-22","Winter Island","WINT-CH-BREACH-E","MAC","No Catch",2023,"Summer",0
"78","MAC11-WINT-22AUG2023","2023-08-22","Winter Island","WINT-CH-BREACH-E","MAC","Fish UNID",2023,"Summer",146.076256259272
"79","MAC11-WINT-22AUG2023","2023-08-22","Winter Island","WINT-CH-BREACH-E","MAC","Killifish spp.",2023,"Summer",146.076256259272
"80","MAC11-WINT-30MAY2023","2023-05-30","Winter Island","WINT-CH-BREACH-E","MAC","No Catch",2023,"Spring",0
"81","MAC11-WINT-30MAY2023","2023-05-30","Winter Island","WINT-CH-BREACH-E","MAC","Fish Eggs",2023,"Spring",251.702416987556
"82","MAC11-WINT-30MAY2023","2023-05-30","Winter Island","WINT-CH-BREACH-E","MAC","Mississippi Silverside",2023,"Spring",251.702416987556
"83","MAC11-WINT-30MAY2023","2023-05-30","Winter Island","WINT-CH-BREACH-E","MAC","Prickly Sculpin*",2023,"Spring",125.851208493778
"84","MAC11-WINT-30MAY2023","2023-05-30","Winter Island","WINT-CH-BREACH-E","MAC","Striped Bass",2023,"Spring",377.553625481334
"85","MAC11-WINT-30MAY2023","2023-05-30","Winter Island","WINT-CH-BREACH-E","MAC","Threadfin Shad",2023,"Spring",629.256042468889
"86","MAC11-WTIB-07NOV2023","2023-11-07","Webb Tract Islands and Berms","WTIB-UNK","MAC","No Catch",2023,"Fall",0
"87","MAC12-ARNO-03APR2023","2023-04-03","Arnold Slough","ARNO-CH-SE","MAC","No Catch",2023,"Spring",0
"88","MAC12-ARNO-03APR2023","2023-04-03","Arnold Slough","ARNO-CH-SE","MAC","Prickly Sculpin*",2023,"Spring",14790.4411747327
"89","MAC12-BLAC-30MAR2023","2023-03-30","Blacklock","BLAC-CH-2","MAC","No Catch",2023,"Spring",0
"90","MAC12-BLAC-30MAR2023","2023-03-30","Blacklock","BLAC-CH-2","MAC","Prickly Sculpin*",2023,"Spring",2465.24500176239
"91","MAC12-BRAD-29MAR2023","2023-03-29","Bradmoor Island","BRAD-N","MAC","No Catch",2023,"Spring",0
"92","MAC12-BRAD-29MAR2023","2023-03-29","Bradmoor Island","BRAD-N","MAC","Prickly Sculpin*",2023,"Spring",3300.85547842031
"93","MAC12-BROW-16MAY2023","2023-05-16","Browns Island","BROW-CH-MAIN","MAC","No Catch",2023,"Spring",0
"94","MAC12-BROW-16MAY2023","2023-05-16","Browns Island","BROW-CH-MAIN","MAC","Fish Eggs",2023,"Spring",292.212573681626
"95","MAC12-BROW-16MAY2023","2023-05-16","Browns Island","BROW-CH-MAIN","MAC","Prickly Sculpin*",2023,"Spring",97.4041912272087
"96","MAC12-BROW-16MAY2023","2023-05-16","Browns Island","BROW-CH-MAIN","MAC","Tridentiger spp.",2023,"Spring",194.808382454417
"97","MAC12-CHIP-15MAY2023","2023-05-15","Chipps Island","CHIP-UNK","MAC","No Catch",2023,"Spring",0
"98","MAC12-CHIP-15MAY2023","2023-05-15","Chipps Island","CHIP-UNK","MAC","Fish Eggs",2023,"Spring",952.119240747451
"99","MAC12-CHIP-15MAY2023","2023-05-15","Chipps Island","CHIP-UNK","MAC","Prickly Sculpin*",2023,"Spring",714.089430560588
"100","MAC12-CHIP-15MAY2023","2023-05-15","Chipps Island","CHIP-UNK","MAC","Striped Bass",2023,"Spring",238.029810186863
"101","MAC12-CHIP-15MAY2023","2023-05-15","Chipps Island","CHIP-UNK","MAC","Yellowfin Goby",2023,"Spring",238.029810186863
"102","MAC12-DECK-08NOV2023","2023-11-08","Decker Island","DECK-CH-INT","MAC","No Catch",2023,"Fall",0
"103","MAC12-DECK-11APR2023","2023-04-11","Decker Island","DECK-CH-INT","MAC","No Catch",2023,"Spring",0
"104","MAC12-DECK-21AUG2023","2023-08-21","Decker Island","DECK-TP","MAC","No Catch",2023,"Summer",0
"105","MAC12-DECK-21AUG2023","2023-08-21","Decker Island","DECK-TP","MAC","Fish Eggs",2023,"Summer",1018.59163578813
"106","MAC12-FLYW-06NOV2023","2023-11-06","Flyway Farms","FLYW-UNK","MAC","No Catch",2023,"Fall",0
"107","MAC12-LIBE-07NOV2023","2023-11-07","Liberty Island","LIBE_UNK","MAC","No Catch",2023,"Fall",0
"108","MAC12-LIBE-08MAY2023","2023-05-08","Liberty Island","LIBE_UNK","MAC","No Catch",2023,"Spring",0
"109","MAC12-LIBE-08MAY2023","2023-05-08","Liberty Island","LIBE_UNK","MAC","Fish UNID",2023,"Spring",85.2883915533864
"110","MAC12-LIBE-08MAY2023","2023-05-08","Liberty Island","LIBE_UNK","MAC","Mississippi Silverside",2023,"Spring",1449.90265640757
"111","MAC12-LIBE-08MAY2023","2023-05-08","Liberty Island","LIBE_UNK","MAC","Prickly Sculpin*",2023,"Spring",767.595523980478
"112","MAC12-LIBE-08MAY2023","2023-05-08","Liberty Island","LIBE_UNK","MAC","Sacramento Splittail*",2023,"Spring",938.172307087251
"113","MAC12-LIBE-08MAY2023","2023-05-08","Liberty Island","LIBE_UNK","MAC","Threadfin Shad",2023,"Spring",170.576783106773
"114","MAC12-LIBE-17AUG2023","2023-08-17","Liberty Island","LIBE_UNK","MAC","No Catch",2023,"Summer",0
"115","MAC12-LIBE-17AUG2023","2023-08-17","Liberty Island","LIBE_UNK","MAC","Prickly Sculpin*",2023,"Summer",165.968416560802
"116","MAC12-LOWE-06NOV2023","2023-11-06","Lower Yolo Ranch","LOWE-UNK","MAC","No Catch",2023,"Fall",0
"117","MAC12-LOWE-09MAY2023","2023-05-09","Lower Yolo Ranch","LOWE-CH-NE","MAC","No Catch",2023,"Spring",0
"118","MAC12-LOWE-09MAY2023","2023-05-09","Lower Yolo Ranch","LOWE-CH-NE","MAC","Centrarchidae larvae",2023,"Spring",330.619451124393
"119","MAC12-LOWE-09MAY2023","2023-05-09","Lower Yolo Ranch","LOWE-CH-NE","MAC","Mississippi Silverside",2023,"Spring",413.274313905491
"120","MAC12-LOWE-09MAY2023","2023-05-09","Lower Yolo Ranch","LOWE-CH-NE","MAC","Prickly Sculpin*",2023,"Spring",165.309725562196
"121","MAC12-LOWE-09MAY2023","2023-05-09","Lower Yolo Ranch","LOWE-CH-NE","MAC","Sacramento Splittail*",2023,"Spring",165.309725562196
"122","MAC12-LOWE-16AUG2023","2023-08-16","Lower Yolo Ranch","LOWE-CH-NE","MAC","No Catch",2023,"Summer",0
"123","MAC12-MINE-27APR2023","2023-04-27","Miner Slough","MINE-SPUR-S","MAC","No Catch",2023,"Spring",0
"124","MAC12-MINE-27APR2023","2023-04-27","Miner Slough","MINE-SPUR-S","MAC","Bigscale Logperch",2023,"Spring",118.597831583717
"125","MAC12-MINE-27APR2023","2023-04-27","Miner Slough","MINE-SPUR-S","MAC","Striped Bass",2023,"Spring",1304.57614742089
"126","MAC12-PROS-10MAY2023","2023-05-10","Prospect Island","PROS-S","MAC","No Catch",2023,"Spring",0
"127","MAC12-PROS-10MAY2023","2023-05-10","Prospect Island","PROS-S","MAC","Eggs UNID",2023,"Spring",1803.2286857353
"128","MAC12-PROS-10MAY2023","2023-05-10","Prospect Island","PROS-S","MAC","Fish UNID",2023,"Spring",10132.4278531793
"129","MAC12-RUSH-12APR2023","2023-04-12","Rush Ranch","RUSH-S","MAC","No Catch",2023,"Spring",0
"130","MAC12-RUSH-12APR2023","2023-04-12","Rush Ranch","RUSH-S","MAC","Mississippi Silverside",2023,"Spring",100.338487330993
"131","MAC12-RUSH-12APR2023","2023-04-12","Rush Ranch","RUSH-S","MAC","Prickly Sculpin*",2023,"Spring",7324.70957516251
"132","MAC12-RYER-14NOV2023","2023-11-14","Ryer Island","RYER-UNK","MAC","No Catch",2023,"Fall",0
"133","MAC12-RYER-18APR2023","2023-04-18","Ryer Island","RYER-CH-LG-M","MAC","No Catch",2023,"Spring",0
"134","MAC12-RYER-18APR2023","2023-04-18","Ryer Island","RYER-CH-LG-M","MAC","Longfin Smelt*",2023,"Spring",177.635518671647
"135","MAC12-RYER-18APR2023","2023-04-18","Ryer Island","RYER-CH-LG-M","MAC","Prickly Sculpin*",2023,"Spring",532.906556014941
"136","MAC12-STAI-24APR2023","2023-04-24","Stairsteps-Liberty Cut","STAI-M","MAC","No Catch",2023,"Spring",0
"137","MAC12-STAI-24APR2023","2023-04-24","Stairsteps-Liberty Cut","STAI-M","MAC","Prickly Sculpin*",2023,"Spring",1794.06475140492
"138","MAC12-TOED-25APR2023","2023-04-25","Toe Drain","TOED-S","MAC","No Catch",2023,"Spring",0
"139","MAC12-TOED-25APR2023","2023-04-25","Toe Drain","TOED-S","MAC","Mississippi Silverside",2023,"Spring",199.978194439992
"140","MAC12-TOED-25APR2023","2023-04-25","Toe Drain","TOED-S","MAC","Prickly Sculpin*",2023,"Spring",299.967291659987
"141","MAC12-TULE-05SEP2023","2023-09-05","Tule Red","TULE-CH-LG-M","MAC","No Catch",2023,"Fall",0
"142","MAC12-TULE-14NOV2023","2023-11-14","Tule Red","TULE-UNK","MAC","No Catch",2023,"Fall",0
"143","MAC12-TULE-17APR2023","2023-04-17","Tule Red","TULE-TP-1","MAC","No Catch",2023,"Spring",0
"144","MAC12-TULE-17APR2023","2023-04-17","Tule Red","TULE-TP-1","MAC","Prickly Sculpin*",2023,"Spring",3703.96958468411
"145","MAC12-WING-13APR2023","2023-04-13","Wings Landing","WING-BROOD","MAC","No Catch",2023,"Spring",0
"146","MAC12-WING-13APR2023","2023-04-13","Wings Landing","WING-BROOD","MAC","Prickly Sculpin*",2023,"Spring",1574.57127320204
"147","MAC12-WINT-13NOV2023","2023-11-13","Winter Island","WINT-UNK","MAC","No Catch",2023,"Fall",0
"148","MAC12-WINT-22AUG2023","2023-08-22","Winter Island","WINT-CH-INT","MAC","No Catch",2023,"Summer",0
"149","MAC12-WINT-22AUG2023","2023-08-22","Winter Island","WINT-CH-INT","MAC","Egg Sacs",2023,"Summer",122.984643005049
"150","MAC12-WINT-22AUG2023","2023-08-22","Winter Island","WINT-CH-INT","MAC","Fish UNID",2023,"Summer",122.984643005049
"151","MAC12-WINT-22AUG2023","2023-08-22","Winter Island","WINT-CH-INT","MAC","Tridentiger spp.",2023,"Summer",1106.86178704544
"152","MAC12-WINT-30MAY2023","2023-05-30","Winter Island","WINT-CH-INT","MAC","No Catch",2023,"Spring",0
"153","MAC12-WINT-30MAY2023","2023-05-30","Winter Island","WINT-CH-INT","MAC","Fish UNID",2023,"Spring",316.498555228424
"154","MAC12-WINT-30MAY2023","2023-05-30","Winter Island","WINT-CH-INT","MAC","Mississippi Silverside",2023,"Spring",2953.98651546529
"155","MAC12-WINT-30MAY2023","2023-05-30","Winter Island","WINT-CH-INT","MAC","Prickly Sculpin*",2023,"Spring",105.499518409475
"156","MAC12-WINT-30MAY2023","2023-05-30","Winter Island","WINT-CH-INT","MAC","Threadfin Shad",2023,"Spring",316.498555228424
"157","MAC12-WTIB-07NOV2023","2023-11-07","Webb Tract Islands and Berms","WTIB-UNK","MAC","No Catch",2023,"Fall",0
"158","MAC13-ARNO-03APR2023","2023-04-03","Arnold Slough","ARNO-CH-SE","MAC","No Catch",2023,"Spring",0
"159","MAC13-ARNO-03APR2023","2023-04-03","Arnold Slough","ARNO-CH-SE","MAC","Fish UNID",2023,"Spring",187.32760192822
"160","MAC13-ARNO-03APR2023","2023-04-03","Arnold Slough","ARNO-CH-SE","MAC","Prickly Sculpin*",2023,"Spring",18264.4411880014
"161","MAC13-BLAC-30MAR2023","2023-03-30","Blacklock","BLAC-CH-1","MAC","No Catch",2023,"Spring",0
"162","MAC13-BLAC-30MAR2023","2023-03-30","Blacklock","BLAC-CH-1","MAC","Prickly Sculpin*",2023,"Spring",2827.41594883988
"163","MAC13-BRAD-29MAR2023","2023-03-29","Bradmoor Island","BRAD-SS","MAC","No Catch",2023,"Spring",0
"164","MAC13-BRAD-29MAR2023","2023-03-29","Bradmoor Island","BRAD-SS","MAC","Fish UNID",2023,"Spring",117.63350187498
"165","MAC13-BRAD-29MAR2023","2023-03-29","Bradmoor Island","BRAD-SS","MAC","Prickly Sculpin*",2023,"Spring",1529.23552437474
"166","MAC13-BROW-16MAY2023","2023-05-16","Browns Island","BROW-CH-MAIN","MAC","No Catch",2023,"Spring",0
"167","MAC13-BROW-16MAY2023","2023-05-16","Browns Island","BROW-CH-MAIN","MAC","Fish UNID",2023,"Spring",108.862849601229
"168","MAC13-BROW-16MAY2023","2023-05-16","Browns Island","BROW-CH-MAIN","MAC","Prickly Sculpin*",2023,"Spring",217.725699202459
"169","MAC13-CHIP-15MAY2023","2023-05-15","Chipps Island","CHIP-UNK","MAC","No Catch",2023,"Spring",0
"170","MAC13-CHIP-15MAY2023","2023-05-15","Chipps Island","CHIP-UNK","MAC","Egg Sacs",2023,"Spring",718.148294318985
"171","MAC13-CHIP-15MAY2023","2023-05-15","Chipps Island","CHIP-UNK","MAC","Fish Eggs",2023,"Spring",1436.29658863797
"172","MAC13-CHIP-15MAY2023","2023-05-15","Chipps Island","CHIP-UNK","MAC","Prickly Sculpin*",2023,"Spring",359.074147159492
"173","MAC13-DECK-08NOV2023","2023-11-08","Decker Island","DECK-CH-INT","MAC","No Catch",2023,"Fall",0
"174","MAC13-DECK-08NOV2023","2023-11-08","Decker Island","DECK-CH-INT","MAC","Mosquitofish",2023,"Fall",943.140403507528
"175","MAC13-DECK-11APR2023","2023-04-11","Decker Island","DECK-CH-INT","MAC","No Catch",2023,"Spring",0
"176","MAC13-DECK-11APR2023","2023-04-11","Decker Island","DECK-CH-INT","MAC","Eggs UNID",2023,"Spring",1018.59163578813
"177","MAC13-DECK-11APR2023","2023-04-11","Decker Island","DECK-CH-INT","MAC","Fish Eggs",2023,"Spring",2037.18327157626
"178","MAC13-DECK-11APR2023","2023-04-11","Decker Island","DECK-CH-INT","MAC","Prickly Sculpin*",2023,"Spring",15278.874536822
"179","MAC13-DECK-21AUG2023","2023-08-21","Decker Island","DECK-TP","MAC","No Catch",2023,"Summer",0
"180","MAC13-FLYW-06NOV2023","2023-11-06","Flyway Farms","FLYW-UNK","MAC","No Catch",2023,"Fall",0
"181","MAC13-LIBE-07NOV2023","2023-11-07","Liberty Island","LIBE_UNK","MAC","No Catch",2023,"Fall",0
"182","MAC13-LIBE-08MAY2023","2023-05-08","Liberty Island","LIBE_UNK","MAC","No Catch",2023,"Spring",0
"183","MAC13-LIBE-08MAY2023","2023-05-08","Liberty Island","LIBE_UNK","MAC","Bigscale Logperch",2023,"Spring",86.3099257085254
"184","MAC13-LIBE-08MAY2023","2023-05-08","Liberty Island","LIBE_UNK","MAC","Egg Sacs",2023,"Spring",86.3099257085254
"185","MAC13-LIBE-08MAY2023","2023-05-08","Liberty Island","LIBE_UNK","MAC","Fish UNID",2023,"Spring",172.619851417051
"186","MAC13-LIBE-08MAY2023","2023-05-08","Liberty Island","LIBE_UNK","MAC","Mississippi Silverside",2023,"Spring",86.3099257085254
"187","MAC13-LIBE-08MAY2023","2023-05-08","Liberty Island","LIBE_UNK","MAC","Prickly Sculpin*",2023,"Spring",1467.26873704493
"188","MAC13-LIBE-17AUG2023","2023-08-17","Liberty Island","LIBE_UNK","MAC","No Catch",2023,"Summer",0
"189","MAC13-LIBE-17AUG2023","2023-08-17","Liberty Island","LIBE_UNK","MAC","Mississippi Silverside",2023,"Summer",327.746363805932
"190","MAC13-LOWE-06NOV2023","2023-11-06","Lower Yolo Ranch","LOWE-UNK","MAC","No Catch",2023,"Fall",0
"191","MAC13-LOWE-09MAY2023","2023-05-09","Lower Yolo Ranch","LOWE-UNK","MAC","No Catch",2023,"Spring",0
"192","MAC13-LOWE-09MAY2023","2023-05-09","Lower Yolo Ranch","LOWE-UNK","MAC","Mississippi Silverside",2023,"Spring",422.035663097982
"193","MAC13-LOWE-09MAY2023","2023-05-09","Lower Yolo Ranch","LOWE-UNK","MAC","Prickly Sculpin*",2023,"Spring",1012.88559143516
"194","MAC13-LOWE-09MAY2023","2023-05-09","Lower Yolo Ranch","LOWE-UNK","MAC","Sacramento Splittail*",2023,"Spring",84.4071326195965
"195","MAC13-LOWE-09MAY2023","2023-05-09","Lower Yolo Ranch","LOWE-UNK","MAC","Striped Bass",2023,"Spring",253.221397858789
"196","MAC13-LOWE-16AUG2023","2023-08-16","Lower Yolo Ranch","LOWE-CH-W","MAC","No Catch",2023,"Summer",0
"197","MAC13-LOWE-16AUG2023","2023-08-16","Lower Yolo Ranch","LOWE-CH-W","MAC","Mississippi Silverside",2023,"Summer",84.9062922229201
"198","MAC13-MINE-27APR2023","2023-04-27","Miner Slough","MINE-M","MAC","No Catch",2023,"Spring",0
"199","MAC13-MINE-27APR2023","2023-04-27","Miner Slough","MINE-M","MAC","American Shad",2023,"Spring",177.568944880334
"200","MAC13-MINE-27APR2023","2023-04-27","Miner Slough","MINE-M","MAC","Fish Eggs",2023,"Spring",2752.31864564517
"201","MAC13-MINE-27APR2023","2023-04-27","Miner Slough","MINE-M","MAC","Fish UNID",2023,"Spring",1154.19814172217
"202","MAC13-MINE-27APR2023","2023-04-27","Miner Slough","MINE-M","MAC","Prickly Sculpin*",2023,"Spring",4172.87020468784
"203","MAC13-MINE-27APR2023","2023-04-27","Miner Slough","MINE-M","MAC","Striped Bass",2023,"Spring",887.844724401668
"204","MAC13-PROS-10MAY2023","2023-05-10","Prospect Island","PROS-S","MAC","No Catch",2023,"Spring",0
"205","MAC13-PROS-10MAY2023","2023-05-10","Prospect Island","PROS-S","MAC","Fish Eggs",2023,"Spring",699.694804957469
"206","MAC13-PROS-10MAY2023","2023-05-10","Prospect Island","PROS-S","MAC","Fish UNID",2023,"Spring",139.938960991494
"207","MAC13-PROS-10MAY2023","2023-05-10","Prospect Island","PROS-S","MAC","Mississippi Silverside",2023,"Spring",4897.86363470228
"208","MAC13-PROS-10MAY2023","2023-05-10","Prospect Island","PROS-S","MAC","Prickly Sculpin*",2023,"Spring",699.694804957469
"209","MAC13-RUSH-12APR2023","2023-04-12","Rush Ranch","RUSH-S","MAC","No Catch",2023,"Spring",0
"210","MAC13-RUSH-12APR2023","2023-04-12","Rush Ranch","RUSH-S","MAC","Egg Sacs",2023,"Spring",178.186663097762
"211","MAC13-RUSH-12APR2023","2023-04-12","Rush Ranch","RUSH-S","MAC","Prickly Sculpin*",2023,"Spring",13363.9997323322
"212","MAC13-RUSH-12APR2023","2023-04-12","Rush Ranch","RUSH-S","MAC","Threespine Stickleback*",2023,"Spring",178.186663097762
"213","MAC13-RYER-14NOV2023","2023-11-14","Ryer Island","RYER-UNK","MAC","No Catch",2023,"Fall",0
"214","MAC13-RYER-18APR2023","2023-04-18","Ryer Island","RYER-S","MAC","No Catch",2023,"Spring",0
"215","MAC13-RYER-18APR2023","2023-04-18","Ryer Island","RYER-S","MAC","Longfin Smelt*",2023,"Spring",168.267188911285
"216","MAC13-RYER-18APR2023","2023-04-18","Ryer Island","RYER-S","MAC","Prickly Sculpin*",2023,"Spring",1262.00391683464
"217","MAC13-STAI-24APR2023","2023-04-24","Stairsteps-Liberty Cut","STAI-M","MAC","No Catch",2023,"Spring",0
"218","MAC13-STAI-24APR2023","2023-04-24","Stairsteps-Liberty Cut","STAI-M","MAC","Fish UNID",2023,"Spring",98.2576393979573
"219","MAC13-STAI-24APR2023","2023-04-24","Stairsteps-Liberty Cut","STAI-M","MAC","Prickly Sculpin*",2023,"Spring",491.288196989786
"220","MAC13-STAI-24APR2023","2023-04-24","Stairsteps-Liberty Cut","STAI-M","MAC","Sacramento Splittail*",2023,"Spring",98.2576393979573
"221","MAC13-TOED-25APR2023","2023-04-25","Toe Drain","TOED-S","MAC","No Catch",2023,"Spring",0
"222","MAC13-TOED-25APR2023","2023-04-25","Toe Drain","TOED-S","MAC","Centrarchidae larvae",2023,"Spring",190.586619942458
"223","MAC13-TOED-25APR2023","2023-04-25","Toe Drain","TOED-S","MAC","Prickly Sculpin*",2023,"Spring",95.2933099712289
"224","MAC13-TOED-25APR2023","2023-04-25","Toe Drain","TOED-S","MAC","Sacramento Splittail*",2023,"Spring",190.586619942458
"225","MAC13-TULE-05SEP2023","2023-09-05","Tule Red","TULE-CH-SM-11","MAC","No Catch",2023,"Fall",0
"226","MAC13-TULE-14NOV2023","2023-11-14","Tule Red","TULE-UNK","MAC","No Catch",2023,"Fall",0
"227","MAC13-TULE-14NOV2023","2023-11-14","Tule Red","TULE-UNK","MAC","Yellowfin Goby",2023,"Fall",115.518307247824
"228","MAC13-TULE-17APR2023","2023-04-17","Tule Red","TULE-CH-SM-8","MAC","No Catch",2023,"Spring",0
"229","MAC13-WING-13APR2023","2023-04-13","Wings Landing","WING-TP-INT","MAC","No Catch",2023,"Spring",0
"230","MAC13-WING-13APR2023","2023-04-13","Wings Landing","WING-TP-INT","MAC","Centrarchidae larvae",2023,"Spring",169.486080192077
"231","MAC13-WING-13APR2023","2023-04-13","Wings Landing","WING-TP-INT","MAC","Fish Eggs",2023,"Spring",169.486080192077
"232","MAC13-WING-13APR2023","2023-04-13","Wings Landing","WING-TP-INT","MAC","Prickly Sculpin*",2023,"Spring",11355.5673728691
"233","MAC13-WINT-13NOV2023","2023-11-13","Winter Island","WINT-UNK","MAC","No Catch",2023,"Fall",0
"234","MAC13-WINT-13NOV2023","2023-11-13","Winter Island","WINT-UNK","MAC","Goby Unknown",2023,"Fall",201.745087152204
"235","MAC13-WINT-13NOV2023","2023-11-13","Winter Island","WINT-UNK","MAC","Northern Anchovy*",2023,"Fall",100.872543576102
"236","MAC13-WINT-22AUG2023","2023-08-22","Winter Island","WINT-CH-INT","MAC","No Catch",2023,"Summer",0
"237","MAC13-WINT-22AUG2023","2023-08-22","Winter Island","WINT-CH-INT","MAC","Fish UNID",2023,"Summer",120.108584112288
"238","MAC13-WINT-22AUG2023","2023-08-22","Winter Island","WINT-CH-INT","MAC","Mississippi Silverside",2023,"Summer",120.108584112288
"239","MAC13-WINT-30MAY2023","2023-05-30","Winter Island","WINT-CH-INT","MAC","No Catch",2023,"Spring",0
"240","MAC13-WINT-30MAY2023","2023-05-30","Winter Island","WINT-CH-INT","MAC","Egg Sacs",2023,"Spring",126.981128891645
"241","MAC13-WINT-30MAY2023","2023-05-30","Winter Island","WINT-CH-INT","MAC","Mississippi Silverside",2023,"Spring",3301.50935118277
"242","MAC13-WINT-30MAY2023","2023-05-30","Winter Island","WINT-CH-INT","MAC","Threadfin Shad",2023,"Spring",507.92451556658
"243","MAC13-WINT-30MAY2023","2023-05-30","Winter Island","WINT-CH-INT","MAC","Threespine Stickleback*",2023,"Spring",253.96225778329
"244","MAC13-WTIB-07NOV2023","2023-11-07","Webb Tract Islands and Berms","WTIB-UNK","MAC","No Catch",2023,"Fall",0
"245","MAC14-ARNO-03APR2023","2023-04-03","Arnold Slough","ARNO-CH-NE","MAC","No Catch",2023,"Spring",0
"246","MAC14-ARNO-03APR2023","2023-04-03","Arnold Slough","ARNO-CH-NE","MAC","Prickly Sculpin*",2023,"Spring",19072.6687294941
"247","MAC14-BLAC-30MAR2023","2023-03-30","Blacklock","BLAC-CH-EXT","MAC","No Catch",2023,"Spring",0
"248","MAC14-BLAC-30MAR2023","2023-03-30","Blacklock","BLAC-CH-EXT","MAC","Fish UNID",2023,"Spring",137.872351862927
"249","MAC14-BLAC-30MAR2023","2023-03-30","Blacklock","BLAC-CH-EXT","MAC","Prickly Sculpin*",2023,"Spring",1240.85116676635
"250","MAC14-BRAD-29MAR2023","2023-03-29","Bradmoor Island","BRAD-N","MAC","No Catch",2023,"Spring",0
"251","MAC14-BRAD-29MAR2023","2023-03-29","Bradmoor Island","BRAD-N","MAC","Fish UNID",2023,"Spring",71.446631558011
"252","MAC14-BRAD-29MAR2023","2023-03-29","Bradmoor Island","BRAD-N","MAC","Prickly Sculpin*",2023,"Spring",7287.55641891712
"253","MAC14-BROW-16MAY2023","2023-05-16","Browns Island","BROW-CH-MAIN","MAC","No Catch",2023,"Spring",0
"254","MAC14-BROW-16MAY2023","2023-05-16","Browns Island","BROW-CH-MAIN","MAC","Mississippi Silverside",2023,"Spring",181.115572315348
"255","MAC14-BROW-16MAY2023","2023-05-16","Browns Island","BROW-CH-MAIN","MAC","Prickly Sculpin*",2023,"Spring",271.673358473022
"256","MAC14-DECK-11APR2023","2023-04-11","Decker Island","DECK-CH-INT","MAC","No Catch",2023,"Spring",0
"257","MAC14-DECK-11APR2023","2023-04-11","Decker Island","DECK-CH-INT","MAC","Prickly Sculpin*",2023,"Spring",14260.2829010338
"258","MAC14-DECK-11APR2023","2023-04-11","Decker Island","DECK-CH-INT","MAC","Sacramento Splittail*",2023,"Spring",2037.18327157626
"259","MAC14-DECK-21AUG2023","2023-08-21","Decker Island","DECK-TP","MAC","No Catch",2023,"Summer",0
"260","MAC14-DECK-21AUG2023","2023-08-21","Decker Island","DECK-TP","MAC","Egg Sacs",2023,"Summer",1018.59163578813
"261","MAC14-LIBE-07NOV2023","2023-11-07","Liberty Island","LIBE_UNK","MAC","No Catch",2023,"Fall",0
"262","MAC14-LIBE-08MAY2023","2023-05-08","Liberty Island","LIBE_UNK","MAC","No Catch",2023,"Spring",0
"263","MAC14-LIBE-08MAY2023","2023-05-08","Liberty Island","LIBE_UNK","MAC","Centrarchidae larvae",2023,"Spring",76.1213539264892
"264","MAC14-LIBE-08MAY2023","2023-05-08","Liberty Island","LIBE_UNK","MAC","Mississippi Silverside",2023,"Spring",76.1213539264892
"265","MAC14-LIBE-08MAY2023","2023-05-08","Liberty Island","LIBE_UNK","MAC","Prickly Sculpin*",2023,"Spring",532.849477485424
"266","MAC14-LIBE-17AUG2023","2023-08-17","Liberty Island","LIBE_UNK","MAC","No Catch",2023,"Summer",0
"267","MAC14-LIBE-17AUG2023","2023-08-17","Liberty Island","LIBE_UNK","MAC","Fish Eggs",2023,"Summer",4074.36654315252
"268","MAC14-LIBE-17AUG2023","2023-08-17","Liberty Island","LIBE_UNK","MAC","Mississippi Silverside",2023,"Summer",4074.36654315252
"269","MAC14-LOWE-06NOV2023","2023-11-06","Lower Yolo Ranch","LOWE-UNK","MAC","No Catch",2023,"Fall",0
"270","MAC14-LOWE-09MAY2023","2023-05-09","Lower Yolo Ranch","LOWE-UNK","MAC","No Catch",2023,"Spring",0
"271","MAC14-LOWE-09MAY2023","2023-05-09","Lower Yolo Ranch","LOWE-UNK","MAC","American Shad",2023,"Spring",117.320375678334
"272","MAC14-LOWE-09MAY2023","2023-05-09","Lower Yolo Ranch","LOWE-UNK","MAC","Centrarchidae larvae",2023,"Spring",117.320375678334
"273","MAC14-LOWE-09MAY2023","2023-05-09","Lower Yolo Ranch","LOWE-UNK","MAC","Mississippi Silverside",2023,"Spring",703.922254070001
"274","MAC14-LOWE-09MAY2023","2023-05-09","Lower Yolo Ranch","LOWE-UNK","MAC","Prickly Sculpin*",2023,"Spring",117.320375678334
"275","MAC14-LOWE-16AUG2023","2023-08-16","Lower Yolo Ranch","LOWE-CH-ENTRANCE-S","MAC","No Catch",2023,"Summer",0
"276","MAC14-LOWE-16AUG2023","2023-08-16","Lower Yolo Ranch","LOWE-CH-ENTRANCE-S","MAC","Fish Eggs",2023,"Summer",345.428478758371
"277","MAC14-MINE-27APR2023","2023-04-27","Miner Slough","MINE-N","MAC","No Catch",2023,"Spring",0
"278","MAC14-MINE-27APR2023","2023-04-27","Miner Slough","MINE-N","MAC","Fish Eggs",2023,"Spring",1761.00478415518
"279","MAC14-MINE-27APR2023","2023-04-27","Miner Slough","MINE-N","MAC","Fish UNID",2023,"Spring",440.251196038794
"280","MAC14-MINE-27APR2023","2023-04-27","Miner Slough","MINE-N","MAC","Prickly Sculpin*",2023,"Spring",7132.06937582846
"281","MAC14-MINE-27APR2023","2023-04-27","Miner Slough","MINE-N","MAC","Striped Bass",2023,"Spring",1408.80382732414
"282","MAC14-MINE-27APR2023","2023-04-27","Miner Slough","MINE-N","MAC","Wakasagi",2023,"Spring",88.0502392077588
"283","MAC14-PROS-10MAY2023","2023-05-10","Prospect Island","PROS-S","MAC","No Catch",2023,"Spring",0
"284","MAC14-PROS-10MAY2023","2023-05-10","Prospect Island","PROS-S","MAC","Fish Eggs",2023,"Spring",164.029197568617
"285","MAC14-PROS-10MAY2023","2023-05-10","Prospect Island","PROS-S","MAC","Mississippi Silverside",2023,"Spring",328.058395137234
"286","MAC14-PROS-10MAY2023","2023-05-10","Prospect Island","PROS-S","MAC","Prickly Sculpin*",2023,"Spring",164.029197568617
"287","MAC14-RYER-14NOV2023","2023-11-14","Ryer Island","RYER-UNK","MAC","No Catch",2023,"Fall",0
"288","MAC14-RYER-18APR2023","2023-04-18","Ryer Island","RYER-UNK","MAC","No Catch",2023,"Spring",0
"289","MAC14-RYER-18APR2023","2023-04-18","Ryer Island","RYER-UNK","MAC","Longfin Smelt*",2023,"Spring",113.24052035778
"290","MAC14-RYER-18APR2023","2023-04-18","Ryer Island","RYER-UNK","MAC","Prickly Sculpin*",2023,"Spring",226.481040715559
"291","MAC14-STAI-24APR2023","2023-04-24","Stairsteps-Liberty Cut","STAI-LIBE","MAC","No Catch",2023,"Spring",0
"292","MAC14-STAI-24APR2023","2023-04-24","Stairsteps-Liberty Cut","STAI-LIBE","MAC","Prickly Sculpin*",2023,"Spring",1396.31127680819
"293","MAC14-TOED-25APR2023","2023-04-25","Toe Drain","TOED-N","MAC","No Catch",2023,"Spring",0
"294","MAC14-TULE-05SEP2023","2023-09-05","Tule Red","TULE-CH-LG-M","MAC","No Catch",2023,"Fall",0
"295","MAC14-TULE-14NOV2023","2023-11-14","Tule Red","TULE-UNK","MAC","No Catch",2023,"Fall",0
"296","MAC14-TULE-14NOV2023","2023-11-14","Tule Red","TULE-UNK","MAC","Egg Sacs",2023,"Fall",122.952727955612
"297","MAC14-TULE-14NOV2023","2023-11-14","Tule Red","TULE-UNK","MAC","Northern Anchovy*",2023,"Fall",122.952727955612
"298","MAC14-TULE-14NOV2023","2023-11-14","Tule Red","TULE-UNK","MAC","Yellowfin Goby",2023,"Fall",122.952727955612
"299","MAC14-WING-13APR2023","2023-04-13","Wings Landing","WING-TP-INT","MAC","No Catch",2023,"Spring",0
"300","MAC14-WING-13APR2023","2023-04-13","Wings Landing","WING-TP-INT","MAC","Prickly Sculpin*",2023,"Spring",1075.79565678778
"301","MAC14-WINT-13NOV2023","2023-11-13","Winter Island","WINT-UNK","MAC","No Catch",2023,"Fall",0
"302","MAC14-WINT-22AUG2023","2023-08-22","Winter Island","WINT-CH-INT","MAC","No Catch",2023,"Summer",0
"303","MAC14-WINT-30MAY2023","2023-05-30","Winter Island","WINT-CH-INT","MAC","No Catch",2023,"Spring",0
"304","MAC14-WINT-30MAY2023","2023-05-30","Winter Island","WINT-CH-INT","MAC","Threadfin Shad",2023,"Spring",170.799688960689
"305","MAC14-WTIB-07NOV2023","2023-11-07","Webb Tract Islands and Berms","WTIB-UNK","MAC","No Catch",2023,"Fall",0
"306","MAC15-WING-13APR2023","2023-04-13","Wings Landing","WING-TP-INT","MAC","No Catch",2023,"Spring",0
"307","MAC15-WING-13APR2023","2023-04-13","Wings Landing","WING-TP-INT","MAC","Fish Eggs",2023,"Spring",2333.9819565367
"308","MAC15-WING-13APR2023","2023-04-13","Wings Landing","WING-TP-INT","MAC","Prickly Sculpin*",2023,"Spring",3111.97594204893
"309","MAC21-BROA-30MAY2023","2023-05-30","Broad Slough","BROA-INT","MAC","No Catch",2023,"Spring",0
"310","MAC21-BROA-30MAY2023","2023-05-30","Broad Slough","BROA-INT","MAC","Centrarchidae larvae",2023,"Spring",104.932913388395
"311","MAC21-BROA-30MAY2023","2023-05-30","Broad Slough","BROA-INT","MAC","Striped Bass",2023,"Spring",419.73165355358
"312","MAC21-BROA-30MAY2023","2023-05-30","Broad Slough","BROA-INT","MAC","Threadfin Shad",2023,"Spring",314.798740165185
"313","MAC21-BROW-13NOV2023","2023-11-13","Browns Island","BROW-CH-W","MAC","No Catch",2023,"Fall",0
"314","MAC21-BROW-22AUG2023","2023-08-22","Browns Island","BROW-UNK","MAC","No Catch",2023,"Summer",0
"315","MAC21-FLYW-16AUG2023","2023-08-16","Flyway Farms","FLYW-CH-ENTRANCE","MAC","No Catch",2023,"Summer",0
"316","MAC21-FLYW-16AUG2023","2023-08-16","Flyway Farms","FLYW-CH-ENTRANCE","MAC","Egg Sacs",2023,"Summer",771.344464268539
"317","MAC21-FLYW-27APR2023","2023-04-27","Flyway Farms","FLYW-CH-W","MAC","No Catch",2023,"Spring",0
"318","MAC21-FLYW-27APR2023","2023-04-27","Flyway Farms","FLYW-CH-W","MAC","Fish Eggs",2023,"Spring",38749.306386219
"319","MAC21-FLYW-27APR2023","2023-04-27","Flyway Farms","FLYW-CH-W","MAC","Prickly Sculpin*",2023,"Spring",1761.3321084645
"320","MAC21-GRIZ-18APR2023","2023-04-18","Grizzly Bay","GRIZ-UNK","MAC","No Catch",2023,"Spring",0
"321","MAC21-GRIZ-18APR2023","2023-04-18","Grizzly Bay","GRIZ-UNK","MAC","Bigscale Logperch",2023,"Spring",84.0105212424221
"322","MAC21-GRIZ-18APR2023","2023-04-18","Grizzly Bay","GRIZ-UNK","MAC","Chinook Salmon (fall)*",2023,"Spring",84.0105212424221
"323","MAC21-GRIZ-18APR2023","2023-04-18","Grizzly Bay","GRIZ-UNK","MAC","Fish UNID",2023,"Spring",84.0105212424221
"324","MAC21-GRIZ-18APR2023","2023-04-18","Grizzly Bay","GRIZ-UNK","MAC","Longfin Smelt*",2023,"Spring",2688.33667975751
"325","MAC21-GRIZ-18APR2023","2023-04-18","Grizzly Bay","GRIZ-UNK","MAC","Prickly Sculpin*",2023,"Spring",58639.3438272106
"326","MAC21-HONK-15MAY2023","2023-05-15","Honker-Spoonbill","HONK-HONK","MAC","No Catch",2023,"Spring",0
"327","MAC21-HONK-15MAY2023","2023-05-15","Honker-Spoonbill","HONK-HONK","MAC","Clupeidae larvae",2023,"Spring",62.533188659643
"328","MAC21-HONK-15MAY2023","2023-05-15","Honker-Spoonbill","HONK-HONK","MAC","Cyprinid spp.",2023,"Spring",62.533188659643
"329","MAC21-HONK-15MAY2023","2023-05-15","Honker-Spoonbill","HONK-HONK","MAC","Fish Eggs",2023,"Spring",62.533188659643
"330","MAC21-HONK-15MAY2023","2023-05-15","Honker-Spoonbill","HONK-HONK","MAC","Fish UNID",2023,"Spring",62.533188659643
"331","MAC21-HONK-15MAY2023","2023-05-15","Honker-Spoonbill","HONK-HONK","MAC","Mississippi Silverside",2023,"Spring",62.533188659643
"332","MAC21-HORS-11APR2023","2023-04-11","Horseshoe Bend","HORS-S","MAC","No Catch",2023,"Spring",0
"333","MAC21-HORS-11APR2023","2023-04-11","Horseshoe Bend","HORS-S","MAC","Bigscale Logperch",2023,"Spring",153.818143714617
"334","MAC21-HORS-11APR2023","2023-04-11","Horseshoe Bend","HORS-S","MAC","Prickly Sculpin*",2023,"Spring",2691.8175150058
"335","MAC21-HORS-11APR2023","2023-04-11","Horseshoe Bend","HORS-S","MAC","Sacramento Splittail*",2023,"Spring",307.636287429235
"336","MAC21-NURS-03APR2023","2023-04-03","Nurse-Denverton","NURS-EXT-BRAD-W","MAC","No Catch",2023,"Spring",0
"337","MAC21-NURS-03APR2023","2023-04-03","Nurse-Denverton","NURS-EXT-BRAD-W","MAC","Prickly Sculpin*",2023,"Spring",1319.50999014866
"338","MAC21-PEYT-13APR2023","2023-04-13","Peytonia-Suisun","PEYT-SUIS","MAC","No Catch",2023,"Spring",0
"339","MAC21-PEYT-13APR2023","2023-04-13","Peytonia-Suisun","PEYT-SUIS","MAC","Pacific Herring*",2023,"Spring",95.8766301769515
"340","MAC21-PEYT-13APR2023","2023-04-13","Peytonia-Suisun","PEYT-SUIS","MAC","Prickly Sculpin*",2023,"Spring",958.766301769515
"341","MAC21-RYER-05SEP2023","2023-09-05","Ryer Island","RYER-CH-LG-M","MAC","No Catch",2023,"Fall",0
"342","MAC21-RYER-05SEP2023","2023-09-05","Ryer Island","RYER-CH-LG-M","MAC","Mississippi Silverside",2023,"Fall",97.3141642468704
"343","MAC21-TULE-17APR2023","2023-04-17","Tule Red","TULE-CH-LG-SE","MAC","No Catch",2023,"Spring",0
"344","MAC21-WTIB-12APR2023","2023-04-12","Webb Tract Island and Berms","WTIB-CH-INT","MAC","No Catch",2023,"Spring",0
"345","MAC21-WTIB-12APR2023","2023-04-12","Webb Tract Island and Berms","WTIB-CH-INT","MAC","Prickly Sculpin*",2023,"Spring",1018.59163578813
"346","MAC21-WTIB-21AUG2023","2023-08-21","Webb Tract Island and Berms","WTIB-CH-S","MAC","No Catch",2023,"Summer",0
"347","MAC22-BROA-30MAY2023","2023-05-30","Broad Slough","BROA-INT","MAC","No Catch",2023,"Spring",0
"348","MAC22-BROA-30MAY2023","2023-05-30","Broad Slough","BROA-INT","MAC","Fish UNID",2023,"Spring",93.1527819468076
"349","MAC22-BROA-30MAY2023","2023-05-30","Broad Slough","BROA-INT","MAC","Striped Bass",2023,"Spring",465.763909734038
"350","MAC22-BROA-30MAY2023","2023-05-30","Broad Slough","BROA-INT","MAC","Threadfin Shad",2023,"Spring",652.069473627653
"351","MAC22-BROA-30MAY2023","2023-05-30","Broad Slough","BROA-INT","MAC","Wakasagi",2023,"Spring",93.1527819468076
"352","MAC22-BROW-13NOV2023","2023-11-13","Browns Island","BROW-CH-MAIN","MAC","No Catch",2023,"Fall",0
"353","MAC22-BROW-13NOV2023","2023-11-13","Browns Island","BROW-CH-MAIN","MAC","Yellowfin Goby",2023,"Fall",100.56210064246
"354","MAC22-BROW-22AUG2023","2023-08-22","Browns Island","BROW-CH-MAIN","MAC","No Catch",2023,"Summer",0
"355","MAC22-FLYW-16AUG2023","2023-08-16","Flyway Farms","FLYW-CH-W","MAC","No Catch",2023,"Summer",0
"356","MAC22-FLYW-27APR2023","2023-04-27","Flyway Farms","FLYW-CH-N","MAC","No Catch",2023,"Spring",0
"357","MAC22-FLYW-27APR2023","2023-04-27","Flyway Farms","FLYW-CH-N","MAC","Centrarchidae larvae",2023,"Spring",1203.29736425892
"358","MAC22-FLYW-27APR2023","2023-04-27","Flyway Farms","FLYW-CH-N","MAC","Fish Eggs",2023,"Spring",601.64868212946
"359","MAC22-FLYW-27APR2023","2023-04-27","Flyway Farms","FLYW-CH-N","MAC","Prickly Sculpin*",2023,"Spring",481.318945703568
"360","MAC22-FLYW-27APR2023","2023-04-27","Flyway Farms","FLYW-CH-N","MAC","Sacramento Splittail*",2023,"Spring",120.329736425892
"361","MAC22-GRIZ-18APR2023","2023-04-18","Grizzly Bay","GRIZ-UNK","MAC","No Catch",2023,"Spring",0
"362","MAC22-GRIZ-18APR2023","2023-04-18","Grizzly Bay","GRIZ-UNK","MAC","Fish UNID",2023,"Spring",528.375079794006
"363","MAC22-GRIZ-18APR2023","2023-04-18","Grizzly Bay","GRIZ-UNK","MAC","Longfin Smelt*",2023,"Spring",1849.31277927902
"364","MAC22-GRIZ-18APR2023","2023-04-18","Grizzly Bay","GRIZ-UNK","MAC","Prickly Sculpin*",2023,"Spring",64021.4471683737
"365","MAC22-HONK-15MAY2023","2023-05-15","Honker-Spoonbill","HONK-HONK","MAC","No Catch",2023,"Spring",0
"366","MAC22-HONK-15MAY2023","2023-05-15","Honker-Spoonbill","HONK-HONK","MAC","Striped Bass",2023,"Spring",67.6951474749179
"367","MAC22-HORS-11APR2023","2023-04-11","Horseshoe Bend","HORS-M","MAC","No Catch",2023,"Spring",0
"368","MAC22-HORS-11APR2023","2023-04-11","Horseshoe Bend","HORS-M","MAC","Prickly Sculpin*",2023,"Spring",567.471701640628
"369","MAC22-HORS-11APR2023","2023-04-11","Horseshoe Bend","HORS-M","MAC","Sacramento Splittail*",2023,"Spring",324.269543794645
"370","MAC22-NURS-03APR2023","2023-04-03","Nurse-Denverton","NURS-LHB-NE","MAC","No Catch",2023,"Spring",0
"371","MAC22-NURS-03APR2023","2023-04-03","Nurse-Denverton","NURS-LHB-NE","MAC","Prickly Sculpin*",2023,"Spring",5708.63135501263
"372","MAC22-PEYT-13APR2023","2023-04-13","Peytonia-Suisun","PEYT-SUIS","MAC","No Catch",2023,"Spring",0
"373","MAC22-PEYT-13APR2023","2023-04-13","Peytonia-Suisun","PEYT-SUIS","MAC","Prickly Sculpin*",2023,"Spring",795.742483712163
"374","MAC22-RYER-05SEP2023","2023-09-05","Ryer Island","RYER-N","MAC","No Catch",2023,"Fall",0
"375","MAC22-TULE-17APR2023","2023-04-17","Tule Red","TULE-CH-LG-M","MAC","No Catch",2023,"Spring",0
"376","MAC22-TULE-17APR2023","2023-04-17","Tule Red","TULE-CH-LG-M","MAC","Bigscale Logperch",2023,"Spring",86.9913407099881
"377","MAC22-TULE-17APR2023","2023-04-17","Tule Red","TULE-CH-LG-M","MAC","Longfin Smelt*",2023,"Spring",1739.82681419976
"378","MAC22-TULE-17APR2023","2023-04-17","Tule Red","TULE-CH-LG-M","MAC","Prickly Sculpin*",2023,"Spring",40624.9561115644
"379","MAC22-TULE-17APR2023","2023-04-17","Tule Red","TULE-CH-LG-M","MAC","Threespine Stickleback*",2023,"Spring",173.982681419976
"380","MAC22-WTIB-12APR2023","2023-04-12","Webb Tract Island and Berms","WTIB-CH-INT","MAC","No Catch",2023,"Spring",0
"381","MAC22-WTIB-21AUG2023","2023-08-21","Webb Tract Island and Berms","WTIB-CH-N","MAC","No Catch",2023,"Summer",0
"382","MAC23-BROA-30MAY2023","2023-05-30","Broad Slough","BROA-INT","MAC","No Catch",2023,"Spring",0
"383","MAC23-BROA-30MAY2023","2023-05-30","Broad Slough","BROA-INT","MAC","Centrarchidae larvae",2023,"Spring",78.8842184685869
"384","MAC23-BROA-30MAY2023","2023-05-30","Broad Slough","BROA-INT","MAC","Mississippi Silverside",2023,"Spring",552.189529280108
"385","MAC23-BROA-30MAY2023","2023-05-30","Broad Slough","BROA-INT","MAC","Striped Bass",2023,"Spring",315.536873874348
"386","MAC23-BROW-13NOV2023","2023-11-13","Browns Island","BROW-CH-MAIN","MAC","No Catch",2023,"Fall",0
"387","MAC23-BROW-13NOV2023","2023-11-13","Browns Island","BROW-CH-MAIN","MAC","Clupeidae larvae",2023,"Fall",323.895466559761
"388","MAC23-BROW-22AUG2023","2023-08-22","Browns Island","BROW-CH-MAIN","MAC","No Catch",2023,"Summer",0
"389","MAC23-FLYW-16AUG2023","2023-08-16","Flyway Farms","FLYW-CH-N","MAC","No Catch",2023,"Summer",0
"390","MAC23-FLYW-16AUG2023","2023-08-16","Flyway Farms","FLYW-CH-N","MAC","Egg Sacs",2023,"Summer",562.246784456812
"391","MAC23-FLYW-16AUG2023","2023-08-16","Flyway Farms","FLYW-CH-N","MAC","Mosquitofish",2023,"Summer",281.123392228406
"392","MAC23-FLYW-27APR2023","2023-04-27","Flyway Farms","FLYW-CH-ENTRANCE","MAC","No Catch",2023,"Spring",0
"393","MAC23-FLYW-27APR2023","2023-04-27","Flyway Farms","FLYW-CH-ENTRANCE","MAC","Fish Eggs",2023,"Spring",4990.50281416632
"394","MAC23-FLYW-27APR2023","2023-04-27","Flyway Farms","FLYW-CH-ENTRANCE","MAC","Mississippi Silverside",2023,"Spring",399.240225133305
"395","MAC23-FLYW-27APR2023","2023-04-27","Flyway Farms","FLYW-CH-ENTRANCE","MAC","Prickly Sculpin*",2023,"Spring",199.620112566653
"396","MAC23-FLYW-27APR2023","2023-04-27","Flyway Farms","FLYW-CH-ENTRANCE","MAC","Sacramento Splittail*",2023,"Spring",598.860337699958
"397","MAC23-GRIZ-18APR2023","2023-04-18","Grizzly Bay","GRIZ-UNK","MAC","No Catch",2023,"Spring",0
"398","MAC23-GRIZ-18APR2023","2023-04-18","Grizzly Bay","GRIZ-UNK","MAC","Longfin Smelt*",2023,"Spring",4316.47917985651
"399","MAC23-GRIZ-18APR2023","2023-04-18","Grizzly Bay","GRIZ-UNK","MAC","Pacific Herring*",2023,"Spring",86.3295835971302
"400","MAC23-GRIZ-18APR2023","2023-04-18","Grizzly Bay","GRIZ-UNK","MAC","Prickly Sculpin*",2023,"Spring",66387.4497861932
"401","MAC23-GRIZ-18APR2023","2023-04-18","Grizzly Bay","GRIZ-UNK","MAC","Sacramento Splittail*",2023,"Spring",86.3295835971302
"402","MAC23-HONK-15MAY2023","2023-05-15","Honker-Spoonbill","HONK-SPOON","MAC","No Catch",2023,"Spring",0
"403","MAC23-HONK-15MAY2023","2023-05-15","Honker-Spoonbill","HONK-SPOON","MAC","American Shad",2023,"Spring",62.3562448164972
"404","MAC23-HONK-15MAY2023","2023-05-15","Honker-Spoonbill","HONK-SPOON","MAC","Fish Eggs",2023,"Spring",498.849958531978
"405","MAC23-HONK-15MAY2023","2023-05-15","Honker-Spoonbill","HONK-SPOON","MAC","Mississippi Silverside",2023,"Spring",62.3562448164972
"406","MAC23-HONK-15MAY2023","2023-05-15","Honker-Spoonbill","HONK-SPOON","MAC","Prickly Sculpin*",2023,"Spring",1621.26236522893
"407","MAC23-HONK-15MAY2023","2023-05-15","Honker-Spoonbill","HONK-SPOON","MAC","Striped Bass",2023,"Spring",249.424979265989
"408","MAC23-HONK-15MAY2023","2023-05-15","Honker-Spoonbill","HONK-SPOON","MAC","Threadfin Shad",2023,"Spring",249.424979265989
"409","MAC23-HORS-11APR2023","2023-04-11","Horseshoe Bend","HORS-S","MAC","No Catch",2023,"Spring",0
"410","MAC23-HORS-11APR2023","2023-04-11","Horseshoe Bend","HORS-S","MAC","Fish UNID",2023,"Spring",79.2205554783179
"411","MAC23-HORS-11APR2023","2023-04-11","Horseshoe Bend","HORS-S","MAC","Prickly Sculpin*",2023,"Spring",792.20555478318
"412","MAC23-NURS-03APR2023","2023-04-03","Nurse-Denverton","NURS-EXT-BRAD-E","MAC","No Catch",2023,"Spring",0
"413","MAC23-NURS-03APR2023","2023-04-03","Nurse-Denverton","NURS-EXT-BRAD-E","MAC","Prickly Sculpin*",2023,"Spring",4753.67048436792
"414","MAC23-PEYT-13APR2023","2023-04-13","Peytonia-Suisun","PEYT-SUIS","MAC","No Catch",2023,"Spring",0
"415","MAC23-PEYT-13APR2023","2023-04-13","Peytonia-Suisun","PEYT-SUIS","MAC","Prickly Sculpin*",2023,"Spring",784.578663218501
"416","MAC23-RYER-05SEP2023","2023-09-05","Ryer Island","RYER-CH-LG-M","MAC","No Catch",2023,"Fall",0
"417","MAC23-TULE-17APR2023","2023-04-17","Tule Red","TULE-CH-LG-NW","MAC","No Catch",2023,"Spring",0
"418","MAC23-TULE-17APR2023","2023-04-17","Tule Red","TULE-CH-LG-NW","MAC","Fish UNID",2023,"Spring",226.779149061601
"419","MAC23-TULE-17APR2023","2023-04-17","Tule Red","TULE-CH-LG-NW","MAC","Longfin Smelt*",2023,"Spring",1133.89574530801
"420","MAC23-TULE-17APR2023","2023-04-17","Tule Red","TULE-CH-LG-NW","MAC","Prickly Sculpin*",2023,"Spring",9297.94511152565
"421","MAC23-WTIB-12APR2023","2023-04-12","Webb Tract Island and Berms","WTIB-CH-INT","MAC","No Catch",2023,"Spring",0
"422","MAC23-WTIB-21AUG2023","2023-08-21","Webb Tract Island and Berms","WTIB-CH-S","MAC","No Catch",2023,"Summer",0
"423","MAC24-BROA-30MAY2023","2023-05-30","Broad Slough","BROA-INT","MAC","No Catch",2023,"Spring",0
"424","MAC24-BROA-30MAY2023","2023-05-30","Broad Slough","BROA-INT","MAC","Striped Bass",2023,"Spring",614.780733164401
"425","MAC24-BROA-30MAY2023","2023-05-30","Broad Slough","BROA-INT","MAC","Threadfin Shad",2023,"Spring",175.651638046972
"426","MAC24-BROW-13NOV2023","2023-11-13","Browns Island","BROW-CH-MAIN","MAC","No Catch",2023,"Fall",0
"427","MAC24-BROW-13NOV2023","2023-11-13","Browns Island","BROW-CH-MAIN","MAC","Clupeidae larvae",2023,"Fall",154.231229549788
"428","MAC24-BROW-22AUG2023","2023-08-22","Browns Island","BROW-CH-MAIN","MAC","No Catch",2023,"Summer",0
"429","MAC24-BROW-22AUG2023","2023-08-22","Browns Island","BROW-CH-MAIN","MAC","Atherinopsidae larvae",2023,"Summer",108.025156675091
"430","MAC24-GRIZ-18APR2023","2023-04-18","Grizzly Bay","GRIZ-UNK","MAC","No Catch",2023,"Spring",0
"431","MAC24-GRIZ-18APR2023","2023-04-18","Grizzly Bay","GRIZ-UNK","MAC","Fish UNID",2023,"Spring",91.1063046201231
"432","MAC24-GRIZ-18APR2023","2023-04-18","Grizzly Bay","GRIZ-UNK","MAC","Longfin Smelt*",2023,"Spring",4190.89001252566
"433","MAC24-GRIZ-18APR2023","2023-04-18","Grizzly Bay","GRIZ-UNK","MAC","Prickly Sculpin*",2023,"Spring",67418.6654188911
"434","MAC24-HONK-15MAY2023","2023-05-15","Honker-Spoonbill","HONK-SPOON","MAC","No Catch",2023,"Spring",0
"435","MAC24-HONK-15MAY2023","2023-05-15","Honker-Spoonbill","HONK-SPOON","MAC","Fish Eggs",2023,"Spring",235.603350162581
"436","MAC24-HONK-15MAY2023","2023-05-15","Honker-Spoonbill","HONK-SPOON","MAC","Fish UNID",2023,"Spring",157.068900108387
"437","MAC24-HONK-15MAY2023","2023-05-15","Honker-Spoonbill","HONK-SPOON","MAC","Striped Bass",2023,"Spring",235.603350162581
"438","MAC24-HORS-11APR2023","2023-04-11","Horseshoe Bend","HORS-M","MAC","No Catch",2023,"Spring",0
"439","MAC24-HORS-11APR2023","2023-04-11","Horseshoe Bend","HORS-M","MAC","Bigscale Logperch",2023,"Spring",83.8544024028937
"440","MAC24-HORS-11APR2023","2023-04-11","Horseshoe Bend","HORS-M","MAC","Fish UNID",2023,"Spring",167.708804805787
"441","MAC24-HORS-11APR2023","2023-04-11","Horseshoe Bend","HORS-M","MAC","Mississippi Silverside",2023,"Spring",83.8544024028937
"442","MAC24-HORS-11APR2023","2023-04-11","Horseshoe Bend","HORS-M","MAC","Sacramento Splittail*",2023,"Spring",83.8544024028937
"443","MAC24-NURS-03APR2023","2023-04-03","Nurse-Denverton","NURS-EXT-ARNO-SW","MAC","No Catch",2023,"Spring",0
"444","MAC24-NURS-03APR2023","2023-04-03","Nurse-Denverton","NURS-EXT-ARNO-SW","MAC","Prickly Sculpin*",2023,"Spring",13205.081861119
"445","MAC24-PEYT-13APR2023","2023-04-13","Peytonia-Suisun","PEYT-PEYT","MAC","No Catch",2023,"Spring",0
"446","MAC24-PEYT-13APR2023","2023-04-13","Peytonia-Suisun","PEYT-PEYT","MAC","Prickly Sculpin*",2023,"Spring",1720.71304585782
"447","MAC24-RYER-05SEP2023","2023-09-05","Ryer Island","RYER-S","MAC","No Catch",2023,"Fall",0
"448","MAC24-WTIB-12APR2023","2023-04-12","Webb Tract Island and Berms","WTIB-CH-N","MAC","No Catch",2023,"Spring",0
"449","MAC24-WTIB-12APR2023","2023-04-12","Webb Tract Island and Berms","WTIB-CH-N","MAC","Prickly Sculpin*",2023,"Spring",534.572554462393
"450","MAC24-WTIB-21AUG2023","2023-08-21","Webb Tract Island and Berms","WTIB-CH-N","MAC","No Catch",2023,"Summer",0
"451","MAC24-WTIB-21AUG2023","2023-08-21","Webb Tract Island and Berms","WTIB-CH-N","MAC","Fish UNID",2023,"Summer",108.825343020833
"452","MAC25-CHIP-15MAY2023","2023-05-15","Chipps Island","CHIP-UNK","MAC","No Catch",2023,"Spring",0
"453","MAC25-CHIP-15MAY2023","2023-05-15","Chipps Island","CHIP-UNK","MAC","Fish Eggs",2023,"Spring",70.0341210120764
"454","MAC25-CHIP-15MAY2023","2023-05-15","Chipps Island","CHIP-UNK","MAC","Fish UNID",2023,"Spring",70.0341210120764
"455","MAC25-CHIP-15MAY2023","2023-05-15","Chipps Island","CHIP-UNK","MAC","Prickly Sculpin*",2023,"Spring",490.238847084535
"456","MAC25-CHIP-15MAY2023","2023-05-15","Chipps Island","CHIP-UNK","MAC","Sacramento Splittail*",2023,"Spring",70.0341210120764
"457","MAC25-CHIP-15MAY2023","2023-05-15","Chipps Island","CHIP-UNK","MAC","Striped Bass",2023,"Spring",490.238847084535
"458","MAC25-CHIP-15MAY2023","2023-05-15","Chipps Island","CHIP-UNK","MAC","Threadfin Shad",2023,"Spring",70.0341210120764
"459","MAC25-PEYT-13APR2023","2023-04-13","Peytonia-Suisun","PEYT-PEYT","MAC","No Catch",2023,"Spring",0
"460","MAC25-PEYT-13APR2023","2023-04-13","Peytonia-Suisun","PEYT-PEYT","MAC","Fish Eggs",2023,"Spring",168.859388667332
"461","MAC25-PEYT-13APR2023","2023-04-13","Peytonia-Suisun","PEYT-PEYT","MAC","Prickly Sculpin*",2023,"Spring",5487.93013168829
